hotel_name,url,rate,description,latitude,longitude
LE MAS DES OLIVIERS appartement 3 min a pied du centre d'Uzès parking piscine,https://www.booking.com/hotel/fr/mas-des-oliviers-uzes.fr.html?aid=304142&label=gen173nr-1FCAQoggJCC3NlYXJjaF91emVzSA1YBGhNiAEBmAENuAEKyAEF2AEB6AEB-AEDiAIBqAIDuAKSxK2jBsACAdICJDJhNDFjZTgwLTFhYzYtNDdiZC1iZmE2LWRjNTA0MzkyMTc2Y9gCBeACAQ&ucfs=1&arphpl=1&group_adults=2&req_adults=2&no_rooms=1&group_children=0&req_children=0&hpos=17&hapos=17&sr_order=popularity&srpvid=721958c9f4410209&srepoch=1684759059&from=searchresults,8.9," L'établissement LE MAS DES OLIVIERS appartement 3 min a pied du centre d'Uzès parking piscine est situé à Uzès, à 38 km de la gare centrale d'Avignon, à 40 km du palais des papes et de la gare TGV d'Avignon. Cet hébergement climatisé se trouve à 31 km du parc des expositions de Nîmes. Vous bénéficierez gratuitement d'une connexion Wi-Fi et d'un parking privé sur place.
  L'établissement LE MAS DES OLIVIERS appartement 3 min a pied du centre d'Uzès parking piscine est situé à Uzès, à 38 km de la gare centrale d'Avignon, à 40 km du palais des papes et de la gare TGV d'Avignon. Cet hébergement climatisé se trouve à 31 km du parc des expositions de Nîmes. Vous bénéficierez gratuitement d'une connexion Wi-Fi et d'un parking privé sur place.
",44.012765,4.414323
Hotel Chagnot,https://www.booking.com/hotel/fr/hotel-balladins-superior-lille-centre.fr.html?aid=304142&label=gen173nr-1FCAQoggJCDHNlYXJjaF9saWxsZUgNWARoTYgBAZgBDbgBCsgBBdgBAegBAfgBA4gCAagCA7gCksStowbAAgHSAiQ3M2QxYjVjYy1jZmU5LTQ1NjgtYTdmMS0wZWY1YWFlOTE1MDXYAgXgAgE&ucfs=1&arphpl=1&group_adults=2&req_adults=2&no_rooms=1&group_children=0&req_children=0&hpos=1&hapos=1&sr_order=popularity&srpvid=ce6c58c9e31900e7&srepoch=1684759059&from=searchresults,7.8," L'Hotel Chagnot est situé dans le centre-ville de Lille, juste en face de la gare de Lille-Flandres et à 10 minutes à pied de la gare de Lille-Europe. L’établissement propose des hébergements modernes et une connexion Wi-Fi gratuite. Les centres de conventions Nouveau Siècle et Lille Grand Palais se trouvent à 1 km.
  L'Hotel Chagnot est situé dans le centre-ville de Lille, juste en face de la gare de Lille-Flandres et à 10 minutes à pied de la gare de Lille-Europe. L’établissement propose des hébergements modernes et une connexion Wi-Fi gratuite. Les centres de conventions Nouveau Siècle et Lille Grand Palais se trouvent à 1 km.
",50.63624596,3.06924239
La petite hostellerie,https://www.booking.com/hotel/fr/la-petite-hostellerie-uzes1.fr.html?aid=304142&label=gen173nr-1FCAQoggJCC3NlYXJjaF91emVzSA1YBGhNiAEBmAENuAEKyAEF2AEB6AEB-AEDiAIBqAIDuAKSxK2jBsACAdICJDJhNDFjZTgwLTFhYzYtNDdiZC1iZmE2LWRjNTA0MzkyMTc2Y9gCBeACAQ&ucfs=1&arphpl=1&group_adults=2&req_adults=2&no_rooms=1&group_children=0&req_children=0&hpos=16&hapos=16&sr_order=popularity&srpvid=721958c9f4410209&srepoch=1684759059&from=searchresults,8.9," Situé à Uzès, à moins de 38 km de la gare centrale d'Avignon et à 39 km du palais des papes, l'établissement La petite hostellerie propose des hébergements avec connexion Wi-Fi gratuite dans l'ensemble de ses locaux. L'établissement se trouve à environ 40 km de la gare TGV d'Avignon, à 48 km du parc des expositions d'Avignon et à 13 km du pont du Gard. Cet établissement non-fumeurs se trouve à 31 km du parc des expositions de Nîmes.
  Situé à Uzès, à moins de 38 km de la gare centrale d'Avignon et à 39 km du palais des papes, l'établissement La petite hostellerie propose des hébergements avec connexion Wi-Fi gratuite dans l'ensemble de ses locaux. L'établissement se trouve à environ 40 km de la gare TGV d'Avignon, à 48 km du parc des expositions d'Avignon et à 13 km du pont du Gard. Cet établissement non-fumeurs se trouve à 31 km du parc des expositions de Nîmes.
",44.0108258,4.4177601
Boutique Hôtel Entraigues,https://www.booking.com/hotel/fr/entraigues-uzes2.fr.html?aid=304142&label=gen173nr-1FCAQoggJCC3NlYXJjaF91emVzSA1YBGhNiAEBmAENuAEKyAEF2AEB6AEB-AEDiAIBqAIDuAKSxK2jBsACAdICJDJhNDFjZTgwLTFhYzYtNDdiZC1iZmE2LWRjNTA0MzkyMTc2Y9gCBeACAQ&ucfs=1&arphpl=1&group_adults=2&req_adults=2&no_rooms=1&group_children=0&req_children=0&hpos=1&hapos=1&sr_order=popularity&srpvid=721958c9f4410209&srepoch=1684759059&from_sustainable_property_sr=1&from=searchresults,8.8," Doté d’une piscine extérieure, le Boutique Hôtel Entraigues vous accueille à Uzès, dans le Languedoc-Roussillon, à 32 km d’Avignon. Il possède une terrasse bien exposée et offre une vue sur la ville. Une connexion Wi-Fi est disponible gratuitement dans l’ensemble de l’établissement, et vous pourrez profiter d’un parking privé sur place moyennant des frais supplémentaires et sous réserve de disponibilité.
  Doté d’une piscine extérieure, le Boutique Hôtel Entraigues vous accueille à Uzès, dans le Languedoc-Roussillon, à 32 km d’Avignon. Il possède une terrasse bien exposée et offre une vue sur la ville. Une connexion Wi-Fi est disponible gratuitement dans l’ensemble de l’établissement, et vous pourrez profiter d’un parking privé sur place moyennant des frais supplémentaires et sous réserve de disponibilité.
",44.01246437,4.42180011
DOMITYS REGALECIA,https://www.booking.com/hotel/fr/domitys-regalecia.fr.html?aid=304142&label=gen173nr-1FCAQoggJCC3NlYXJjaF91emVzSA1YBGhNiAEBmAENuAEKyAEF2AEB6AEB-AEDiAIBqAIDuAKSxK2jBsACAdICJDJhNDFjZTgwLTFhYzYtNDdiZC1iZmE2LWRjNTA0MzkyMTc2Y9gCBeACAQ&ucfs=1&arphpl=1&group_adults=2&req_adults=2&no_rooms=1&group_children=0&req_children=0&hpos=18&hapos=18&sr_order=popularity&srpvid=721958c9f4410209&srepoch=1684759059&from=searchresults,9.1," Situé à Uzès, à 31 km du parc des expositions de Nîmes et à 38 km de la gare centrale d'Avignon, le DOMITYS REGALECIA propose des hébergements avec une connexion Wi-Fi gratuite, un jardin avec une terrasse, une salle de sport et un sauna.
  Situé à Uzès, à 31 km du parc des expositions de Nîmes et à 38 km de la gare centrale d'Avignon, le DOMITYS REGALECIA propose des hébergements avec une connexion Wi-Fi gratuite, un jardin avec une terrasse, une salle de sport et un sauna.
",44.00972373,4.41112954
Bon Jour Uzès,https://www.booking.com/hotel/fr/bon-jour-uzes.fr.html?aid=304142&label=gen173nr-1FCAQoggJCC3NlYXJjaF91emVzSA1YBGhNiAEBmAENuAEKyAEF2AEB6AEB-AEDiAIBqAIDuAKSxK2jBsACAdICJDJhNDFjZTgwLTFhYzYtNDdiZC1iZmE2LWRjNTA0MzkyMTc2Y9gCBeACAQ&ucfs=1&arphpl=1&group_adults=2&req_adults=2&no_rooms=1&group_children=0&req_children=0&hpos=15&hapos=15&sr_order=popularity&srpvid=721958c9f4410209&srepoch=1684759059&from=searchresults,9.6," Doté d'une connexion Wi-Fi gratuite et offrant une vue sur la ville, le Bon Jour Uzès est un hébergement situé à Uzès. Cet appartement se trouve à 32 km du parc des expositions de Nîmes et à 38 km de la gare centrale d'Avignon.
  Doté d'une connexion Wi-Fi gratuite et offrant une vue sur la ville, le Bon Jour Uzès est un hébergement situé à Uzès. Cet appartement se trouve à 32 km du parc des expositions de Nîmes et à 38 km de la gare centrale d'Avignon.
",44.0121968,4.41912483
Kira,https://www.booking.com/hotel/fr/kira-uzes.fr.html?aid=304142&label=gen173nr-1FCAQoggJCC3NlYXJjaF91emVzSA1YBGhNiAEBmAENuAEKyAEF2AEB6AEB-AEDiAIBqAIDuAKSxK2jBsACAdICJDJhNDFjZTgwLTFhYzYtNDdiZC1iZmE2LWRjNTA0MzkyMTc2Y9gCBeACAQ&ucfs=1&arphpl=1&group_adults=2&req_adults=2&no_rooms=1&group_children=0&req_children=0&hpos=19&hapos=19&sr_order=popularity&srpvid=721958c9f4410209&srepoch=1684759059&from=searchresults,7.8," Situé à Uzès, à moins de 32 km du parc des expositions de Nîmes, le Kira propose une terrasse, des chambres non-fumeurs et une connexion Wi-Fi gratuite dans l'ensemble de ses locaux. L'établissement se trouve à environ 39 km de la gare centrale d'Avignon, à 40 km du palais des papes et à 41 km de la gare TGV d'Avignon. Vous séjournerez à 39 km du pont d'Avignon.
  Situé à Uzès, à moins de 32 km du parc des expositions de Nîmes, le Kira propose une terrasse, des chambres non-fumeurs et une connexion Wi-Fi gratuite dans l'ensemble de ses locaux. L'établissement se trouve à environ 39 km de la gare centrale d'Avignon, à 40 km du palais des papes et à 41 km de la gare TGV d'Avignon. Vous séjournerez à 39 km du pont d'Avignon.
",44.01168919,4.42128514
Le Mas Blanc Uzès,https://www.booking.com/hotel/fr/le-mas-blanc-uzes-gite-des-artistes.fr.html?aid=304142&label=gen173nr-1FCAQoggJCC3NlYXJjaF91emVzSA1YBGhNiAEBmAENuAEKyAEF2AEB6AEB-AEDiAIBqAIDuAKSxK2jBsACAdICJDJhNDFjZTgwLTFhYzYtNDdiZC1iZmE2LWRjNTA0MzkyMTc2Y9gCBeACAQ&ucfs=1&arphpl=1&group_adults=2&req_adults=2&no_rooms=1&group_children=0&req_children=0&hpos=20&hapos=20&sr_order=popularity&srpvid=721958c9f4410209&srepoch=1684759059&from=searchresults,9.5," Situé à Uzès, l'établissement Le Mas Blanc Uzès propose des hébergements avec une terrasse ou un balcon, une connexion Wi-Fi gratuite, une télévision à écran plat, un service de prêt de vélos et un jardin.
  Situé à Uzès, l'établissement Le Mas Blanc Uzès propose des hébergements avec une terrasse ou un balcon, une connexion Wi-Fi gratuite, une télévision à écran plat, un service de prêt de vélos et un jardin.
",44.04406717,4.40603612
Maison De La Bourgade,https://www.booking.com/hotel/fr/maison-de-la-bourgade.fr.html?aid=304142&label=gen173nr-1FCAQoggJCC3NlYXJjaF91emVzSA1YBGhNiAEBmAENuAEKyAEF2AEB6AEB-AEDiAIBqAIDuAKSxK2jBsACAdICJDJhNDFjZTgwLTFhYzYtNDdiZC1iZmE2LWRjNTA0MzkyMTc2Y9gCBeACAQ&ucfs=1&arphpl=1&group_adults=2&req_adults=2&no_rooms=1&group_children=0&req_children=0&hpos=14&hapos=14&sr_order=popularity&srpvid=721958c9f4410209&srepoch=1684759059&from_sustainable_property_sr=1&from=searchresults,9.7," Dotée d'une piscine extérieure ouverte en saison, d'un jardin et d'une terrasse, la Maison De La Bourgade propose un hébergement à Uzès avec une connexion Wi-Fi gratuite et une vue sur la ville. Doté d'une piscine privée, ce Bed & Breakfast se trouve dans une région où vous pourrez pratiquer des activités telles que le vélo et le ping-pong.
  Dotée d'une piscine extérieure ouverte en saison, d'un jardin et d'une terrasse, la Maison De La Bourgade propose un hébergement à Uzès avec une connexion Wi-Fi gratuite et une vue sur la ville. Doté d'une piscine privée, ce Bed & Breakfast se trouve dans une région où vous pourrez pratiquer des activités telles que le vélo et le ping-pong.
",44.009668,4.418032
"Uzès, au cœur du centre médiéval La Boussole d'Uzès, appartement de caractère du XVII -ème siècle",https://www.booking.com/hotel/fr/uzes-au-coeur-du-centre-medieval-la-boussole-d-uzes-appartement-de-caractere.fr.html?aid=304142&label=gen173nr-1FCAQoggJCC3NlYXJjaF91emVzSA1YBGhNiAEBmAENuAEKyAEF2AEB6AEB-AEDiAIBqAIDuAKSxK2jBsACAdICJDJhNDFjZTgwLTFhYzYtNDdiZC1iZmE2LWRjNTA0MzkyMTc2Y9gCBeACAQ&ucfs=1&arphpl=1&group_adults=2&req_adults=2&no_rooms=1&group_children=0&req_children=0&hpos=13&hapos=13&sr_order=popularity&srpvid=721958c9f4410209&srepoch=1684759059&from=searchresults,9.7," Uzès, au cœur du centre médiéval La Boussole d'Uzès, appartement de caractère du XVII Le -ème siècle est situé à Uzès, à 31 km du parc des expositions de Nîmes, à 38 km de la gare centrale d'Avignon et à 40 km du palais des Papes. Il offre une vue sur la ville et propose une connexion Wi-Fi gratuite dans l'ensemble de ses locaux.
  Uzès, au cœur du centre médiéval La Boussole d'Uzès, appartement de caractère du XVII Le -ème siècle est situé à Uzès, à 31 km du parc des expositions de Nîmes, à 38 km de la gare centrale d'Avignon et à 40 km du palais des Papes. Il offre une vue sur la ville et propose une connexion Wi-Fi gratuite dans l'ensemble de ses locaux.
",44.0124278,4.4192465
Le trente trois,https://www.booking.com/hotel/fr/le-trente-trois.fr.html?aid=304142&label=gen173nr-1FCAQoggJCC3NlYXJjaF91emVzSA1YBGhNiAEBmAENuAEKyAEF2AEB6AEB-AEDiAIBqAIDuAKSxK2jBsACAdICJDJhNDFjZTgwLTFhYzYtNDdiZC1iZmE2LWRjNTA0MzkyMTc2Y9gCBeACAQ&ucfs=1&arphpl=1&group_adults=2&req_adults=2&no_rooms=1&group_children=0&req_children=0&hpos=11&hapos=11&sr_order=popularity&srpvid=721958c9f4410209&srepoch=1684759059&from=searchresults,9.1," Situé à Uzès, à 31 km du parc des expositions de Nîmes et à 38 km de la gare centrale d'Avignon, Le trente trois offre une vue sur la ville et dispose d'une connexion Wi-Fi gratuite.
  Situé à Uzès, à 31 km du parc des expositions de Nîmes et à 38 km de la gare centrale d'Avignon, Le trente trois offre une vue sur la ville et dispose d'une connexion Wi-Fi gratuite.
",44.00964195,4.41788524
Maison de Roche-Uzès Centre Historique L' Ucetia,https://www.booking.com/hotel/fr/maison-de-roche-uzes-centre-historique-l-ucetia.fr.html?aid=304142&label=gen173nr-1FCAQoggJCC3NlYXJjaF91emVzSA1YBGhNiAEBmAENuAEKyAEF2AEB6AEB-AEDiAIBqAIDuAKSxK2jBsACAdICJDJhNDFjZTgwLTFhYzYtNDdiZC1iZmE2LWRjNTA0MzkyMTc2Y9gCBeACAQ&ucfs=1&arphpl=1&group_adults=2&req_adults=2&no_rooms=1&group_children=0&req_children=0&hpos=12&hapos=12&sr_order=popularity&srpvid=721958c9f4410209&srepoch=1684759059&from=searchresults,9.3," Située à Uzès, à seulement 31 km du parc des expositions de Nîmes, la Maison de Roche-Uzès Centre Historique L' Ucetia propose des hébergements avec une terrasse, un restaurant et une connexion Wi-Fi gratuite. Vous profiterez d'une terrasse et d'une aire de jeux pour enfants.
  Située à Uzès, à seulement 31 km du parc des expositions de Nîmes, la Maison de Roche-Uzès Centre Historique L' Ucetia propose des hébergements avec une terrasse, un restaurant et une connexion Wi-Fi gratuite. Vous profiterez d'une terrasse et d'une aire de jeux pour enfants.
",44.0112246,4.4199226
GOLF CLUB D'UZES,https://www.booking.com/hotel/fr/golf-club-d-39-uzes.fr.html?aid=304142&label=gen173nr-1FCAQoggJCC3NlYXJjaF91emVzSA1YBGhNiAEBmAENuAEKyAEF2AEB6AEB-AEDiAIBqAIDuAKSxK2jBsACAdICJDJhNDFjZTgwLTFhYzYtNDdiZC1iZmE2LWRjNTA0MzkyMTc2Y9gCBeACAQ&ucfs=1&arphpl=1&group_adults=2&req_adults=2&no_rooms=1&group_children=0&req_children=0&hpos=10&hapos=10&sr_order=popularity&srpvid=721958c9f4410209&srepoch=1684759059&from_sustainable_property_sr=1&from=searchresults,8.0," Offrant une vue sur le jardin, le GOLF CLUB D'UZES est situé à Uzès. Il propose un restaurant, un salon commun, un bar, un jardin, une piscine extérieure ouverte en saison et une terrasse. Une connexion Wi-Fi et un parking privé sont disponibles gratuitement sur place.
  Offrant une vue sur le jardin, le GOLF CLUB D'UZES est situé à Uzès. Il propose un restaurant, un salon commun, un bar, un jardin, une piscine extérieure ouverte en saison et une terrasse. Une connexion Wi-Fi et un parking privé sont disponibles gratuitement sur place.
",43.982419,4.437963
Exquisite studio for 2 - Brochant,https://www.booking.com/hotel/fr/exquisite-studio-for-2-brochant-paris1.fr.html?aid=304142&label=gen173nr-1FCAQoggJCDHNlYXJjaF9wYXJpc0gNWARoTYgBAZgBDbgBCsgBBdgBAegBAfgBA4gCAagCA7gCksStowbAAgHSAiQ1MThkZTczZC05NjMxLTQ0MjMtYWJhZi1mZjAyYzQ2ZmM5NzDYAgXgAgE&ucfs=1&arphpl=1&group_adults=2&req_adults=2&no_rooms=1&group_children=0&req_children=0&hpos=20&hapos=20&sr_order=popularity&srpvid=9d0058c91a2b014e&srepoch=1684759059&from=searchresults,, ,48.868843,2.347333
Hôtel Le Saint-Geniès,https://www.booking.com/hotel/fr/le-saint-genies.fr.html?aid=304142&label=gen173nr-1FCAQoggJCC3NlYXJjaF91emVzSA1YBGhNiAEBmAENuAEKyAEF2AEB6AEB-AEDiAIBqAIDuAKSxK2jBsACAdICJDJhNDFjZTgwLTFhYzYtNDdiZC1iZmE2LWRjNTA0MzkyMTc2Y9gCBeACAQ&ucfs=1&arphpl=1&group_adults=2&req_adults=2&no_rooms=1&group_children=0&req_children=0&hpos=9&hapos=9&sr_order=popularity&srpvid=721958c9f4410209&srepoch=1684759059&from_sustainable_property_sr=1&from=searchresults,8.8," Cet hôtel à la gestion familiale est situé au cœur d'un jardin, dans un quartier résidentiel paisible à 1,5 km du centre historique d'Uzès. Il comprend une piscine extérieure et offre de belles vues sur la campagne.
  Cet hôtel à la gestion familiale est situé au cœur d'un jardin, dans un quartier résidentiel paisible à 1,5 km du centre historique d'Uzès. Il comprend une piscine extérieure et offre de belles vues sur la campagne.
",44.02305334,4.42047223
ibis Nîmes Ouest - A9,https://www.booking.com/hotel/fr/ibis-na-r-mes-ouest.fr.html?aid=304142&label=gen173nr-1FCAQoggJCDXNlYXJjaF9uw65tZXNIDVgEaE2IAQGYAQ24AQrIAQXYAQHoAQH4AQOIAgGoAgO4ApLEraMGwAIB0gIkMTdiMTYyOWEtODBiZC00YTkwLWFhY2EtZjVlYzM2MGNiOWIy2AIF4AIB&ucfs=1&arphpl=1&group_adults=2&req_adults=2&no_rooms=1&group_children=0&req_children=0&hpos=20&hapos=20&sr_order=popularity&srpvid=347558c9b6260074&srepoch=1684759059&from_sustainable_property_sr=1&from=searchresults,7.8, ,43.81389059,4.34434175
STMALO,https://www.booking.com/hotel/fr/stmalo.fr.html?aid=304142&label=gen173nr-1FCAQoggJCEXNlYXJjaF9zYWludC1tYWxvSA1YBGhNiAEBmAENuAEKyAEF2AEB6AEB-AEDiAIBqAIDuAKSxK2jBsACAdICJDU2MTExOGIwLWM3ZmMtNDQ4NC1hZDIxLTBkNjFlMjc3OGYyN9gCBeACAQ&ucfs=1&arphpl=1&group_adults=2&req_adults=2&no_rooms=1&group_children=0&req_children=0&hpos=20&hapos=20&sr_order=popularity&srpvid=86ed58c9ca9000df&srepoch=1684759059&from=searchresults,," Doté d'une connexion Wi-Fi gratuite, le STMALO est situé dans le centre de Saint-Malo, à moins de 200 mètres de la plage Eventail et à 400 mètres de celle du Sillon. Cet appartement se trouve à 400 mètres du casino Barrière Saint-Malo et à moins de 1 km du fort national.
  Doté d'une connexion Wi-Fi gratuite, le STMALO est situé dans le centre de Saint-Malo, à moins de 200 mètres de la plage Eventail et à 400 mètres de celle du Sillon. Cet appartement se trouve à 400 mètres du casino Barrière Saint-Malo et à moins de 1 km du fort national.
",48.650819,-2.023999
Brit Hotel Saint Malo – Le Transat,https://www.booking.com/hotel/fr/brit-le-transat.fr.html?aid=304142&label=gen173nr-1FCAQoggJCEXNlYXJjaF9zYWludC1tYWxvSA1YBGhNiAEBmAENuAEKyAEF2AEB6AEB-AEDiAIBqAIDuAKSxK2jBsACAdICJDU2MTExOGIwLWM3ZmMtNDQ4NC1hZDIxLTBkNjFlMjc3OGYyN9gCBeACAQ&ucfs=1&arphpl=1&group_adults=2&req_adults=2&no_rooms=1&group_children=0&req_children=0&hpos=19&hapos=19&sr_order=popularity&srpvid=86ed58c9ca9000df&srepoch=1684759059&from_sustainable_property_sr=1&from=searchresults,7.4," Situé à l'entrée de Saint-Malo, en face de l'aquarium, le Brit Hotel Le Transat propose des chambres climatisées bien équipées. Il est très bien desservi par les transports, à la périphérie de la ville.
  Situé à l'entrée de Saint-Malo, en face de l'aquarium, le Brit Hotel Le Transat propose des chambres climatisées bien équipées. Il est très bien desservi par les transports, à la périphérie de la ville.
",48.6218214,-1.99130416
Escale Oceania Saint Malo,https://www.booking.com/hotel/fr/mascottesaintmalo.fr.html?aid=304142&label=gen173nr-1FCAQoggJCEXNlYXJjaF9zYWludC1tYWxvSA1YBGhNiAEBmAENuAEKyAEF2AEB6AEB-AEDiAIBqAIDuAKSxK2jBsACAdICJDU2MTExOGIwLWM3ZmMtNDQ4NC1hZDIxLTBkNjFlMjc3OGYyN9gCBeACAQ&ucfs=1&arphpl=1&group_adults=2&req_adults=2&no_rooms=1&group_children=0&req_children=0&hpos=18&hapos=18&sr_order=popularity&srpvid=86ed58c9ca9000df&srepoch=1684759059&from_sustainable_property_sr=1&from=searchresults,8.0," L'Escale Oceania Saint Malo se trouve sur le front de mer, en face de la plage du Sillon, à 14 minutes de marche de la gare de Saint-Malo. Il propose des chambres modernes, une terrasse bien exposée et un service de restauration 24h/24.
  L'Escale Oceania Saint Malo se trouve sur le front de mer, en face de la plage du Sillon, à 14 minutes de marche de la gare de Saint-Malo. Il propose des chambres modernes, une terrasse bien exposée et un service de restauration 24h/24.
",48.65428009,-2.00883776
Hôtel de France et Chateaubriand,https://www.booking.com/hotel/fr/de-france-et-chateaubriand.fr.html?aid=304142&label=gen173nr-1FCAQoggJCEXNlYXJjaF9zYWludC1tYWxvSA1YBGhNiAEBmAENuAEKyAEF2AEB6AEB-AEDiAIBqAIDuAKSxK2jBsACAdICJDU2MTExOGIwLWM3ZmMtNDQ4NC1hZDIxLTBkNjFlMjc3OGYyN9gCBeACAQ&ucfs=1&arphpl=1&group_adults=2&req_adults=2&no_rooms=1&group_children=0&req_children=0&hpos=14&hapos=14&sr_order=popularity&srpvid=86ed58c9ca9000df&srepoch=1684759059&from=searchresults,7.8," Situé au cœur de la ville historique de Saint-Malo, l’Hôtel de France et Chateaubriand offre une vue imprenable sur la mer et le sillon, à 210 mètres du port de plaisance de Saint-Malo.
  Situé au cœur de la ville historique de Saint-Malo, l’Hôtel de France et Chateaubriand offre une vue imprenable sur la mer et le sillon, à 210 mètres du port de plaisance de Saint-Malo.
",48.6511934,-2.02379644
Hotel d'Aleth,https://www.booking.com/hotel/fr/d-aleth.fr.html?aid=304142&label=gen173nr-1FCAQoggJCEXNlYXJjaF9zYWludC1tYWxvSA1YBGhNiAEBmAENuAEKyAEF2AEB6AEB-AEDiAIBqAIDuAKSxK2jBsACAdICJDU2MTExOGIwLWM3ZmMtNDQ4NC1hZDIxLTBkNjFlMjc3OGYyN9gCBeACAQ&ucfs=1&arphpl=1&group_adults=2&req_adults=2&no_rooms=1&group_children=0&req_children=0&hpos=15&hapos=15&sr_order=popularity&srpvid=86ed58c9ca9000df&srepoch=1684759059&from=searchresults,7.7," Situé en face du port des Bas Sablons, l'Hotel d'Aleth se trouve à seulement 1,9 km de la vieille ville de Saint-Malo. Vous pourrez vous détendre sur la terrasse du bar à la décoration nautique, ainsi qu'admirer la vue sur la ville et sur la mer.
  Situé en face du port des Bas Sablons, l'Hotel d'Aleth se trouve à seulement 1,9 km de la vieille ville de Saint-Malo. Vous pourrez vous détendre sur la terrasse du bar à la décoration nautique, ainsi qu'admirer la vue sur la ville et sur la mer.
",48.63593081,-2.02171236
Brit Hotel Le Surcouf,https://www.booking.com/hotel/fr/le-surcouf.fr.html?aid=304142&label=gen173nr-1FCAQoggJCEXNlYXJjaF9zYWludC1tYWxvSA1YBGhNiAEBmAENuAEKyAEF2AEB6AEB-AEDiAIBqAIDuAKSxK2jBsACAdICJDU2MTExOGIwLWM3ZmMtNDQ4NC1hZDIxLTBkNjFlMjc3OGYyN9gCBeACAQ&ucfs=1&arphpl=1&group_adults=2&req_adults=2&no_rooms=1&group_children=0&req_children=0&hpos=16&hapos=16&sr_order=popularity&srpvid=86ed58c9ca9000df&srepoch=1684759059&from=searchresults,7.7," Situé dans le paisible quartier de Courtoisville, à 150 mètres de la plage et à 5 minutes des thermes, le Brit Hotel propose des chambres charmantes avec connexion Wi-Fi gratuite.
  Situé dans le paisible quartier de Courtoisville, à 150 mètres de la plage et à 5 minutes des thermes, le Brit Hotel propose des chambres charmantes avec connexion Wi-Fi gratuite.
",48.65773512,-1.99437261
Chambres d'Hôtes du Manoir du Haut Salmon,https://www.booking.com/hotel/fr/manoir-du-haut-salmon.fr.html?aid=304142&label=gen173nr-1FCAQoggJCEXNlYXJjaF9zYWludC1tYWxvSA1YBGhNiAEBmAENuAEKyAEF2AEB6AEB-AEDiAIBqAIDuAKSxK2jBsACAdICJDU2MTExOGIwLWM3ZmMtNDQ4NC1hZDIxLTBkNjFlMjc3OGYyN9gCBeACAQ&ucfs=1&arphpl=1&group_adults=2&req_adults=2&no_rooms=1&group_children=0&req_children=0&hpos=17&hapos=17&sr_order=popularity&srpvid=86ed58c9ca9000df&srepoch=1684759059&from_sustainable_property_sr=1&from=searchresults,7.8," Située à seulement 10 minutes en voiture des plages de Saint-Malo et de la Manche, cette maison d'hôtes occupe un manoir rénové du XVIe siècle niché dans un parc de 8 hectares avec un étang. Elle propose des équipements de pêche, une connexion Wi-Fi gratuite, un jardin et une terrasse.
  Située à seulement 10 minutes en voiture des plages de Saint-Malo et de la Manche, cette maison d'hôtes occupe un manoir rénové du XVIe siècle niché dans un parc de 8 hectares avec un étang. Elle propose des équipements de pêche, une connexion Wi-Fi gratuite, un jardin et une terrasse.
",48.63320639,-1.95942342
Hotel De L'univers,https://www.booking.com/hotel/fr/de-l-univers.fr.html?aid=304142&label=gen173nr-1FCAQoggJCEXNlYXJjaF9zYWludC1tYWxvSA1YBGhNiAEBmAENuAEKyAEF2AEB6AEB-AEDiAIBqAIDuAKSxK2jBsACAdICJDU2MTExOGIwLWM3ZmMtNDQ4NC1hZDIxLTBkNjFlMjc3OGYyN9gCBeACAQ&ucfs=1&arphpl=1&group_adults=2&req_adults=2&no_rooms=1&group_children=0&req_children=0&hpos=13&hapos=13&sr_order=popularity&srpvid=86ed58c9ca9000df&srepoch=1684759059&from=searchresults,8.0," L'Hotel De L'univers est installé dans la ville fortifiée de Saint-Malo, en Bretagne, à quelques pas du port ferry et de la gare. Pourvu d'une connexion Wi-Fi gratuite, l'établissement est à 400 mètres du port de plaisance de Saint-Malo.
  L'Hotel De L'univers est installé dans la ville fortifiée de Saint-Malo, en Bretagne, à quelques pas du port ferry et de la gare. Pourvu d'une connexion Wi-Fi gratuite, l'établissement est à 400 mètres du port de plaisance de Saint-Malo.
",48.65104101,-2.0237267
ibis Saint-Malo Madeleine,https://www.booking.com/hotel/fr/ibis-saint-malo-madeleine.fr.html?aid=304142&label=gen173nr-1FCAQoggJCEXNlYXJjaF9zYWludC1tYWxvSA1YBGhNiAEBmAENuAEKyAEF2AEB6AEB-AEDiAIBqAIDuAKSxK2jBsACAdICJDU2MTExOGIwLWM3ZmMtNDQ4NC1hZDIxLTBkNjFlMjc3OGYyN9gCBeACAQ&ucfs=1&arphpl=1&group_adults=2&req_adults=2&no_rooms=1&group_children=0&req_children=0&hpos=12&hapos=12&sr_order=popularity&srpvid=86ed58c9ca9000df&srepoch=1684759059&from_sustainable_property_sr=1&from=searchresults,7.7," L'hôtel ibis Saint-Malo Madeleine bénéficie d'une grande terrasse dotée du chauffage avec un coin salon couvert. La connexion Wi-Fi et le parking sur place sont gratuits. L'établissement est situé à 10 minutes en voiture du centre de Saint-Malo et à 10 minutes à pied de l'aquarium de la ville.
  L'hôtel ibis Saint-Malo Madeleine bénéficie d'une grande terrasse dotée du chauffage avec un coin salon couvert. La connexion Wi-Fi et le parking sur place sont gratuits. L'établissement est situé à 10 minutes en voiture du centre de Saint-Malo et à 10 minutes à pied de l'aquarium de la ville.
",48.62597716,-1.99032784
"The Originals Boutique, Hôtel des Marins, Saint-Malo (Inter-Hotel)",https://www.booking.com/hotel/fr/dulouvresaintmalo.fr.html?aid=304142&label=gen173nr-1FCAQoggJCEXNlYXJjaF9zYWludC1tYWxvSA1YBGhNiAEBmAENuAEKyAEF2AEB6AEB-AEDiAIBqAIDuAKSxK2jBsACAdICJDU2MTExOGIwLWM3ZmMtNDQ4NC1hZDIxLTBkNjFlMjc3OGYyN9gCBeACAQ&ucfs=1&arphpl=1&group_adults=2&req_adults=2&no_rooms=1&group_children=0&req_children=0&hpos=11&hapos=11&sr_order=popularity&srpvid=86ed58c9ca9000df&srepoch=1684759059&from_sustainable_property_sr=1&from=searchresults,8.2," Situé au cœur de la ville fortifiée de Saint-Malo, l'établissement The Originals Boutique, Hôtel des Marins, Saint-Malo (Inter-Hotel) propose des chambres modernes avec une télévision à écran plat et une connexion Wi-Fi gratuite. La réception ouverte 24h/24 assure un service de billetterie.
  Situé au cœur de la ville fortifiée de Saint-Malo, l'établissement The Originals Boutique, Hôtel des Marins, Saint-Malo (Inter-Hotel) propose des chambres modernes avec une télévision à écran plat et une connexion Wi-Fi gratuite. La réception ouverte 24h/24 assure un service de billetterie.
",48.64880649,-2.02491224
Ker Annick,https://www.booking.com/hotel/fr/ker-annick.fr.html?aid=304142&label=gen173nr-1FCAQoggJCEXNlYXJjaF9zYWludC1tYWxvSA1YBGhNiAEBmAENuAEKyAEF2AEB6AEB-AEDiAIBqAIDuAKSxK2jBsACAdICJDU2MTExOGIwLWM3ZmMtNDQ4NC1hZDIxLTBkNjFlMjc3OGYyN9gCBeACAQ&ucfs=1&arphpl=1&group_adults=2&req_adults=2&no_rooms=1&group_children=0&req_children=0&hpos=10&hapos=10&sr_order=popularity&srpvid=86ed58c9ca9000df&srepoch=1684759059&from=searchresults,7.8," Doté d'un bar, le Ker Annick propose des hébergements 2 étoiles à Saint-Malo, à 1 km de la plage du Sillon. Vous séjournerez à 1,7 km du fort national, à 1,8 km du Grand Bé et à 2,5 km de la tour Solidor. Cet établissement non-fumeurs se trouve à 1,3 km de la plage d'Eventail.
  Doté d'un bar, le Ker Annick propose des hébergements 2 étoiles à Saint-Malo, à 1 km de la plage du Sillon. Vous séjournerez à 1,7 km du fort national, à 1,8 km du Grand Bé et à 2,5 km de la tour Solidor. Cet établissement non-fumeurs se trouve à 1,3 km de la plage d'Eventail.
",48.647138,-2.008805
Cit'Hotel La Marinière,https://www.booking.com/hotel/fr/aux-voyageurs.fr.html?aid=304142&label=gen173nr-1FCAQoggJCEXNlYXJjaF9zYWludC1tYWxvSA1YBGhNiAEBmAENuAEKyAEF2AEB6AEB-AEDiAIBqAIDuAKSxK2jBsACAdICJDU2MTExOGIwLWM3ZmMtNDQ4NC1hZDIxLTBkNjFlMjc3OGYyN9gCBeACAQ&ucfs=1&arphpl=1&group_adults=2&req_adults=2&no_rooms=1&group_children=0&req_children=0&hpos=9&hapos=9&sr_order=popularity&srpvid=86ed58c9ca9000df&srepoch=1684759059&from=searchresults,7.2," Situé à Saint-Malo, à moins de 1 km de la plage du Sillon, le Cit'Hotel La Marinière propose un service de concierge, des chambres non-fumeurs, un restaurant, une connexion Wi-Fi gratuite et un bar. Cet hôtel 2 étoiles possède une réception ouverte 24h/24. Certains logements possèdent un balcon avec vue sur la ville.
  Situé à Saint-Malo, à moins de 1 km de la plage du Sillon, le Cit'Hotel La Marinière propose un service de concierge, des chambres non-fumeurs, un restaurant, une connexion Wi-Fi gratuite et un bar. Cet hôtel 2 étoiles possède une réception ouverte 24h/24. Certains logements possèdent un balcon avec vue sur la ville.
",48.646999,-2.008665
Hôtel Restaurant Le Cocktail Bar,https://www.booking.com/hotel/fr/le-cocktail-bar.fr.html?aid=304142&label=gen173nr-1FCAQoggJCEXNlYXJjaF9zYWludC1tYWxvSA1YBGhNiAEBmAENuAEKyAEF2AEB6AEB-AEDiAIBqAIDuAKSxK2jBsACAdICJDU2MTExOGIwLWM3ZmMtNDQ4NC1hZDIxLTBkNjFlMjc3OGYyN9gCBeACAQ&ucfs=1&arphpl=1&group_adults=2&req_adults=2&no_rooms=1&group_children=0&req_children=0&hpos=8&hapos=8&sr_order=popularity&srpvid=86ed58c9ca9000df&srepoch=1684759059&from=searchresults,7.9," L'Hôtel Le Cocktail Bar est situé dans le centre de Saint-Malo, à seulement 2 km de la gare et à 2,5 km de la plage. Vous pourrez prendre un verre au bar ou sur la terrasse par beau temps.
  L'Hôtel Le Cocktail Bar est situé dans le centre de Saint-Malo, à seulement 2 km de la gare et à 2,5 km de la plage. Vous pourrez prendre un verre au bar ou sur la terrasse par beau temps.
",48.63292631,-2.00691998
Hôtel de la Gare,https://www.booking.com/hotel/fr/de-la-gare-saint-malo.fr.html?aid=304142&label=gen173nr-1FCAQoggJCEXNlYXJjaF9zYWludC1tYWxvSA1YBGhNiAEBmAENuAEKyAEF2AEB6AEB-AEDiAIBqAIDuAKSxK2jBsACAdICJDU2MTExOGIwLWM3ZmMtNDQ4NC1hZDIxLTBkNjFlMjc3OGYyN9gCBeACAQ&ucfs=1&arphpl=1&group_adults=2&req_adults=2&no_rooms=1&group_children=0&req_children=0&hpos=5&hapos=5&sr_order=popularity&srpvid=86ed58c9ca9000df&srepoch=1684759059&from=searchresults,8.2, ,48.646646,-2.009096
Hotel Le Croiseur Intra Muros,https://www.booking.com/hotel/fr/le-croiseur.fr.html?aid=304142&label=gen173nr-1FCAQoggJCEXNlYXJjaF9zYWludC1tYWxvSA1YBGhNiAEBmAENuAEKyAEF2AEB6AEB-AEDiAIBqAIDuAKSxK2jBsACAdICJDU2MTExOGIwLWM3ZmMtNDQ4NC1hZDIxLTBkNjFlMjc3OGYyN9gCBeACAQ&ucfs=1&arphpl=1&group_adults=2&req_adults=2&no_rooms=1&group_children=0&req_children=0&hpos=6&hapos=6&sr_order=popularity&srpvid=86ed58c9ca9000df&srepoch=1684759059&from=searchresults,8.4," Situé à Saint-Malo, à 400 mètres du casino, l’Hotel Le Croiseur Intra Muros propose de nombreux équipements, dont une terrasse, un salon commun, un bar et une connexion Wi-Fi gratuite. L’hôtel vous accueille à proximité de plusieurs sites d’intérêt, comme le port ferry de la Cale de Dinan, à 400 mètres, ou l’Espace Duguay Trouin et le Palais du Grand Large, tous deux situés à 600 mètres.
  Situé à Saint-Malo, à 400 mètres du casino, l’Hotel Le Croiseur Intra Muros propose de nombreux équipements, dont une terrasse, un salon commun, un bar et une connexion Wi-Fi gratuite. L’hôtel vous accueille à proximité de plusieurs sites d’intérêt, comme le port ferry de la Cale de Dinan, à 400 mètres, ou l’Espace Duguay Trouin et le Palais du Grand Large, tous deux situés à 600 mètres.
",48.64956493,-2.02441603
Hotel Ajoncs d'Or,https://www.booking.com/hotel/fr/ajoncsdor.fr.html?aid=304142&label=gen173nr-1FCAQoggJCEXNlYXJjaF9zYWludC1tYWxvSA1YBGhNiAEBmAENuAEKyAEF2AEB6AEB-AEDiAIBqAIDuAKSxK2jBsACAdICJDU2MTExOGIwLWM3ZmMtNDQ4NC1hZDIxLTBkNjFlMjc3OGYyN9gCBeACAQ&ucfs=1&arphpl=1&group_adults=2&req_adults=2&no_rooms=1&group_children=0&req_children=0&hpos=3&hapos=3&sr_order=popularity&srpvid=86ed58c9ca9000df&srepoch=1684759059&from=searchresults,8.4," L'hôtel Ajoncs d'Or se situe au cœur des remparts historiques de la ville fortifiée de Saint-Malo, à 350 mètres du port de plaisance de la ville. Vous bénéficierez gratuitement d'une connexion Wi-Fi.
  L'hôtel Ajoncs d'Or se situe au cœur des remparts historiques de la ville fortifiée de Saint-Malo, à 350 mètres du port de plaisance de la ville. Vous bénéficierez gratuitement d'une connexion Wi-Fi.
",48.64735692,-2.02519655
Hotel Eden,https://www.booking.com/hotel/fr/eden-saint-malo.fr.html?aid=304142&label=gen173nr-1FCAQoggJCEXNlYXJjaF9zYWludC1tYWxvSA1YBGhNiAEBmAENuAEKyAEF2AEB6AEB-AEDiAIBqAIDuAKSxK2jBsACAdICJDU2MTExOGIwLWM3ZmMtNDQ4NC1hZDIxLTBkNjFlMjc3OGYyN9gCBeACAQ&ucfs=1&arphpl=1&group_adults=2&req_adults=2&no_rooms=1&group_children=0&req_children=0&hpos=7&hapos=7&sr_order=popularity&srpvid=86ed58c9ca9000df&srepoch=1684759059&from=searchresults,7.2, ,48.66190919,-1.98966533
Hôtel Bristol Union Intra Muros,https://www.booking.com/hotel/fr/bristol-union.fr.html?aid=304142&label=gen173nr-1FCAQoggJCEXNlYXJjaF9zYWludC1tYWxvSA1YBGhNiAEBmAENuAEKyAEF2AEB6AEB-AEDiAIBqAIDuAKSxK2jBsACAdICJDU2MTExOGIwLWM3ZmMtNDQ4NC1hZDIxLTBkNjFlMjc3OGYyN9gCBeACAQ&ucfs=1&arphpl=1&group_adults=2&req_adults=2&no_rooms=1&group_children=0&req_children=0&hpos=4&hapos=4&sr_order=popularity&srpvid=86ed58c9ca9000df&srepoch=1684759059&from=searchresults,8.6," L’Hôtel Bristol Union Intra Muros est situé au cœur de Saint-Malo, dans l’enceinte des remparts de la vieille ville, à 180 mètres du port de plaisance. Il propose des chambres et des suites munies d’une salle de bains privative, d’une télévision par satellite et d’une connexion Wi-Fi gratuite.
  L’Hôtel Bristol Union Intra Muros est situé au cœur de Saint-Malo, dans l’enceinte des remparts de la vieille ville, à 180 mètres du port de plaisance. Il propose des chambres et des suites munies d’une salle de bains privative, d’une télévision par satellite et d’une connexion Wi-Fi gratuite.
",48.649611,-2.02430338
Les Chiens du Guet,https://www.booking.com/hotel/fr/les-chiens-du-guet.fr.html?aid=304142&label=gen173nr-1FCAQoggJCEXNlYXJjaF9zYWludC1tYWxvSA1YBGhNiAEBmAENuAEKyAEF2AEB6AEB-AEDiAIBqAIDuAKSxK2jBsACAdICJDU2MTExOGIwLWM3ZmMtNDQ4NC1hZDIxLTBkNjFlMjc3OGYyN9gCBeACAQ&ucfs=1&arphpl=1&group_adults=2&req_adults=2&no_rooms=1&group_children=0&req_children=0&hpos=2&hapos=2&sr_order=popularity&srpvid=86ed58c9ca9000df&srepoch=1684759059&from_sustainable_property_sr=1&from=searchresults,7.4," L'établissement Les Chiens du Guet est situé au cœur de Saint-Malo, à seulement 50 mètres de la plage et à 550 mètres du port de plaisance. Vous pourrez vous détendre sur la terrasse avec un verre commandé au bar et dîner au restaurant sur place. Une connexion Wi-Fi est disponible gratuitement.
  L'établissement Les Chiens du Guet est situé au cœur de Saint-Malo, à seulement 50 mètres de la plage et à 550 mètres du port de plaisance. Vous pourrez vous détendre sur la terrasse avec un verre commandé au bar et dîner au restaurant sur place. Une connexion Wi-Fi est disponible gratuitement.
",48.647932,-2.028651
Studio Résidence de l'Hermine,https://www.booking.com/hotel/fr/studio-residence-de-l-hermine.fr.html?aid=304142&label=gen173nr-1FCAQoggJCEXNlYXJjaF9zYWludC1tYWxvSA1YBGhNiAEBmAENuAEKyAEF2AEB6AEB-AEDiAIBqAIDuAKSxK2jBsACAdICJDU2MTExOGIwLWM3ZmMtNDQ4NC1hZDIxLTBkNjFlMjc3OGYyN9gCBeACAQ&ucfs=1&arphpl=1&group_adults=2&req_adults=2&no_rooms=1&group_children=0&req_children=0&hpos=1&hapos=1&sr_order=popularity&srpvid=86ed58c9ca9000df&srepoch=1684759059&from_sustainable_property_sr=1&from=searchresults,," Doté d'un balcon, le Studio Résidence de l'Hermine est situé à Saint-Malo, à seulement 1,1 km de la plage du Sillon et à 1,3 km de celle d'Eventail. Vous bénéficierez gratuitement d'un parking privé et d'une connexion Wi-Fi.
  Doté d'un balcon, le Studio Résidence de l'Hermine est situé à Saint-Malo, à seulement 1,1 km de la plage du Sillon et à 1,3 km de celle d'Eventail. Vous bénéficierez gratuitement d'un parking privé et d'une connexion Wi-Fi.
",48.645897,-2.010076
Campanile Nîmes Centre Mas-Carbonnel,https://www.booking.com/hotel/fr/campanile-nimes-centre-mas-carbonnel.fr.html?aid=304142&label=gen173nr-1FCAQoggJCDXNlYXJjaF9uw65tZXNIDVgEaE2IAQGYAQ24AQrIAQXYAQHoAQH4AQOIAgGoAgO4ApLEraMGwAIB0gIkMTdiMTYyOWEtODBiZC00YTkwLWFhY2EtZjVlYzM2MGNiOWIy2AIF4AIB&ucfs=1&arphpl=1&group_adults=2&req_adults=2&no_rooms=1&group_children=0&req_children=0&hpos=19&hapos=19&sr_order=popularity&srpvid=347558c9b6260074&srepoch=1684759059&from_sustainable_property_sr=1&from=searchresults,6.8," Doté d'une connexion Wi-Fi gratuite, le Campanile Nîmes Centre Mas-Carbonnel est un hôtel 3 étoiles proposant des hébergements à Nîmes, à moins de 20 minutes de marche de la gare, de la Maison Carrée et des arènes de la ville. Sa réception est ouverte 24h/24, et des journaux quotidiens sont disponibles.
  Doté d'une connexion Wi-Fi gratuite, le Campanile Nîmes Centre Mas-Carbonnel est un hôtel 3 étoiles proposant des hébergements à Nîmes, à moins de 20 minutes de marche de la gare, de la Maison Carrée et des arènes de la ville. Sa réception est ouverte 24h/24, et des journaux quotidiens sont disponibles.
",43.82273112,4.36412573
T2 proche des arènes,https://www.booking.com/hotel/fr/t2-proche-des-arenes.fr.html?aid=304142&label=gen173nr-1FCAQoggJCDXNlYXJjaF9uw65tZXNIDVgEaE2IAQGYAQ24AQrIAQXYAQHoAQH4AQOIAgGoAgO4ApLEraMGwAIB0gIkMTdiMTYyOWEtODBiZC00YTkwLWFhY2EtZjVlYzM2MGNiOWIy2AIF4AIB&ucfs=1&arphpl=1&group_adults=2&req_adults=2&no_rooms=1&group_children=0&req_children=0&hpos=18&hapos=18&sr_order=popularity&srpvid=347558c9b6260074&srepoch=1684759059&from=searchresults,5.3," Situé à Nîmes, à 15 km du parc des expositions et à 33 km de l'amphithéâtre d'Arles, le T2 proche des arènes dispose de la climatisation. Cet appartement se trouve à 47 km du palais des papes et du centre commercial Odysseum.
  Situé à Nîmes, à 15 km du parc des expositions et à 33 km de l'amphithéâtre d'Arles, le T2 proche des arènes dispose de la climatisation. Cet appartement se trouve à 47 km du palais des papes et du centre commercial Odysseum.
",43.8316248,4.3536409
Un pied à terre avec terrasse à la Cathédrale,https://www.booking.com/hotel/fr/un-pied-a-terre-avec-terrasse-a-la-cathedrale.fr.html?aid=304142&label=gen173nr-1FCAQoggJCDXNlYXJjaF9uw65tZXNIDVgEaE2IAQGYAQ24AQrIAQXYAQHoAQH4AQOIAgGoAgO4ApLEraMGwAIB0gIkMTdiMTYyOWEtODBiZC00YTkwLWFhY2EtZjVlYzM2MGNiOWIy2AIF4AIB&ucfs=1&arphpl=1&group_adults=2&req_adults=2&no_rooms=1&group_children=0&req_children=0&hpos=15&hapos=15&sr_order=popularity&srpvid=347558c9b6260074&srepoch=1684759059&from_sustainable_property_sr=1&from=searchresults,," Doté d'un jardin et d'une terrasse, l'établissement Un pied à terre avec terrasse à la Cathédrale est situé dans le centre de Nîmes, à 13 km du parc des expositions. Vous séjournerez à 35 km de l'amphithéâtre d'Arles et bénéficierez d'une connexion Wi-Fi gratuite dans l'ensemble des locaux.
  Doté d'un jardin et d'une terrasse, l'établissement Un pied à terre avec terrasse à la Cathédrale est situé dans le centre de Nîmes, à 13 km du parc des expositions. Vous séjournerez à 35 km de l'amphithéâtre d'Arles et bénéficierez d'une connexion Wi-Fi gratuite dans l'ensemble des locaux.
",43.83842414,4.35952244
Central Hotel,https://www.booking.com/hotel/fr/central-nimes.fr.html?aid=304142&label=gen173nr-1FCAQoggJCDXNlYXJjaF9uw65tZXNIDVgEaE2IAQGYAQ24AQrIAQXYAQHoAQH4AQOIAgGoAgO4ApLEraMGwAIB0gIkMTdiMTYyOWEtODBiZC00YTkwLWFhY2EtZjVlYzM2MGNiOWIy2AIF4AIB&ucfs=1&arphpl=1&group_adults=2&req_adults=2&no_rooms=1&group_children=0&req_children=0&hpos=17&hapos=17&sr_order=popularity&srpvid=347558c9b6260074&srepoch=1684759059&from=searchresults,7.1," Le Central Hotel occupe un bâtiment rénové du XVIIIe siècle dans le centre historique de Nîmes, juste derrière l'ancien site romain de la porte d'Auguste. Il possède des chambres insonorisées dotées d'une salle de bains privative.
  Le Central Hotel occupe un bâtiment rénové du XVIIIe siècle dans le centre historique de Nîmes, juste derrière l'ancien site romain de la porte d'Auguste. Il possède des chambres insonorisées dotées d'une salle de bains privative.
",43.83899502,4.36281145
Hotel Majestic,https://www.booking.com/hotel/fr/majestic-nimes.fr.html?aid=304142&label=gen173nr-1FCAQoggJCDXNlYXJjaF9uw65tZXNIDVgEaE2IAQGYAQ24AQrIAQXYAQHoAQH4AQOIAgGoAgO4ApLEraMGwAIB0gIkMTdiMTYyOWEtODBiZC00YTkwLWFhY2EtZjVlYzM2MGNiOWIy2AIF4AIB&ucfs=1&arphpl=1&group_adults=2&req_adults=2&no_rooms=1&group_children=0&req_children=0&hpos=16&hapos=16&sr_order=popularity&srpvid=347558c9b6260074&srepoch=1684759059&from_sustainable_property_sr=1&from=searchresults,8.4," Rénové en 2019, l'Hotel Majestic est situé à Nîmes, à seulement 320 mètres des arènes et du centre-ville de Nîmes. Vous serez aussi à 600 mètres du musée de la Romanité, à 1 km de la Maison Carrée et à 30 km from pont du Gard. La connexion Wi-Fi est gratuite.
  Rénové en 2019, l'Hotel Majestic est situé à Nîmes, à seulement 320 mètres des arènes et du centre-ville de Nîmes. Vous serez aussi à 600 mètres du musée de la Romanité, à 1 km de la Maison Carrée et à 30 km from pont du Gard. La connexion Wi-Fi est gratuite.
",43.83436329,4.36533675
Maison Albar Hotels L’Imperator,https://www.booking.com/hotel/fr/imperator-nimes.fr.html?aid=304142&label=gen173nr-1FCAQoggJCDXNlYXJjaF9uw65tZXNIDVgEaE2IAQGYAQ24AQrIAQXYAQHoAQH4AQOIAgGoAgO4ApLEraMGwAIB0gIkMTdiMTYyOWEtODBiZC00YTkwLWFhY2EtZjVlYzM2MGNiOWIy2AIF4AIB&ucfs=1&arphpl=1&group_adults=2&req_adults=2&no_rooms=1&group_children=0&req_children=0&hpos=14&hapos=14&sr_order=popularity&srpvid=347558c9b6260074&srepoch=1684759059&from_sustainable_property_sr=1&from=searchresults,8.7," La Maison Albar Hotels L’Imperator est un hôtel de luxe situé dans la ville de Nîmes, en bordure du jardin de la Fontaine et à moins de 5 minutes à pied du temple romain de la Maison Carrée et du musée Carrée d'Art. Ava Gardner, Ernest Hemingway et le torero El Cordobes figurent parmi les clients de cet hôtel historique.
  La Maison Albar Hotels L’Imperator est un hôtel de luxe situé dans la ville de Nîmes, en bordure du jardin de la Fontaine et à moins de 5 minutes à pied du temple romain de la Maison Carrée et du musée Carrée d'Art. Ava Gardner, Ernest Hemingway et le torero El Cordobes figurent parmi les clients de cet hôtel historique.
",43.83866613,4.35276791
Hotel Cote Patio,https://www.booking.com/hotel/fr/hotelcotepatio.fr.html?aid=304142&label=gen173nr-1FCAQoggJCDXNlYXJjaF9uw65tZXNIDVgEaE2IAQGYAQ24AQrIAQXYAQHoAQH4AQOIAgGoAgO4ApLEraMGwAIB0gIkMTdiMTYyOWEtODBiZC00YTkwLWFhY2EtZjVlYzM2MGNiOWIy2AIF4AIB&ucfs=1&arphpl=1&group_adults=2&req_adults=2&no_rooms=1&group_children=0&req_children=0&hpos=12&hapos=12&sr_order=popularity&srpvid=347558c9b6260074&srepoch=1684759059&from_sustainable_property_sr=1&from=searchresults,7.2," Situé à 900 mètres du centre-ville de Nîmes, l'Hotel Cote Patio se trouve à 5 minutes de marche des arènes et à 10 minutes à pied de la gare. Il propose une connexion Wi-Fi gratuite et une terrasse meublée.
  Situé à 900 mètres du centre-ville de Nîmes, l'Hotel Cote Patio se trouve à 5 minutes de marche des arènes et à 10 minutes à pied de la gare. Il propose une connexion Wi-Fi gratuite et une terrasse meublée.
",43.83887217,4.36974764
Hôtel De L'Amphithéâtre,https://www.booking.com/hotel/fr/de-l-amphitheatre-nimes.fr.html?aid=304142&label=gen173nr-1FCAQoggJCDXNlYXJjaF9uw65tZXNIDVgEaE2IAQGYAQ24AQrIAQXYAQHoAQH4AQOIAgGoAgO4ApLEraMGwAIB0gIkMTdiMTYyOWEtODBiZC00YTkwLWFhY2EtZjVlYzM2MGNiOWIy2AIF4AIB&ucfs=1&arphpl=1&group_adults=2&req_adults=2&no_rooms=1&group_children=0&req_children=0&hpos=10&hapos=10&sr_order=popularity&srpvid=347558c9b6260074&srepoch=1684759059&from_sustainable_property_sr=1&from=searchresults,8.2, ,43.83581534,4.35914017
SQUARE HOTEL,https://www.booking.com/hotel/fr/square-nimes.fr.html?aid=304142&label=gen173nr-1FCAQoggJCDXNlYXJjaF9uw65tZXNIDVgEaE2IAQGYAQ24AQrIAQXYAQHoAQH4AQOIAgGoAgO4ApLEraMGwAIB0gIkMTdiMTYyOWEtODBiZC00YTkwLWFhY2EtZjVlYzM2MGNiOWIy2AIF4AIB&ucfs=1&arphpl=1&group_adults=2&req_adults=2&no_rooms=1&group_children=0&req_children=0&hpos=13&hapos=13&sr_order=popularity&srpvid=347558c9b6260074&srepoch=1684759059&from_sustainable_property_sr=1&from=searchresults,8.7," Situé à Nîmes, à 13 km du parc des expositions, le SQUARE HOTEL propose un hébergement 3 étoiles avec une terrasse. Doté d'un salon commun, cet hôtel 3 étoiles propose des chambres climatisées avec connexion Wi-Fi gratuite et salle de bains privative. Cet établissement non-fumeurs se trouve à 34 km de l'amphithéâtre d'Arles.
  Situé à Nîmes, à 13 km du parc des expositions, le SQUARE HOTEL propose un hébergement 3 étoiles avec une terrasse. Doté d'un salon commun, cet hôtel 3 étoiles propose des chambres climatisées avec connexion Wi-Fi gratuite et salle de bains privative. Cet établissement non-fumeurs se trouve à 34 km de l'amphithéâtre d'Arles.
",43.837032,4.363037
hotelF1 Nîmes Ouest,https://www.booking.com/hotel/fr/hotelf1-nimes-ouest.fr.html?aid=304142&label=gen173nr-1FCAQoggJCDXNlYXJjaF9uw65tZXNIDVgEaE2IAQGYAQ24AQrIAQXYAQHoAQH4AQOIAgGoAgO4ApLEraMGwAIB0gIkMTdiMTYyOWEtODBiZC00YTkwLWFhY2EtZjVlYzM2MGNiOWIy2AIF4AIB&ucfs=1&arphpl=1&group_adults=2&req_adults=2&no_rooms=1&group_children=0&req_children=0&hpos=11&hapos=11&sr_order=popularity&srpvid=347558c9b6260074&srepoch=1684759059&from_sustainable_property_sr=1&from=searchresults,6.3," L'hotelF1 Nîmes Ouest est situé à Nîmes, à 44 km de Montpellier et à 40 km d'Avignon.
  L'hotelF1 Nîmes Ouest est situé à Nîmes, à 44 km de Montpellier et à 40 km d'Avignon.
",43.815334,4.344052
Novotel Atria Nimes Centre,https://www.booking.com/hotel/fr/atria-nimes-centre.fr.html?aid=304142&label=gen173nr-1FCAQoggJCDXNlYXJjaF9uw65tZXNIDVgEaE2IAQGYAQ24AQrIAQXYAQHoAQH4AQOIAgGoAgO4ApLEraMGwAIB0gIkMTdiMTYyOWEtODBiZC00YTkwLWFhY2EtZjVlYzM2MGNiOWIy2AIF4AIB&ucfs=1&arphpl=1&group_adults=2&req_adults=2&no_rooms=1&group_children=0&req_children=0&hpos=7&hapos=7&sr_order=popularity&srpvid=347558c9b6260074&srepoch=1684759059&from_sustainable_property_sr=1&from=searchresults,7.7, ,43.83542065,4.36340421
HÔTEL C SUITES chambres spacieuses,https://www.booking.com/hotel/fr/c-suites.fr.html?aid=304142&label=gen173nr-1FCAQoggJCDXNlYXJjaF9uw65tZXNIDVgEaE2IAQGYAQ24AQrIAQXYAQHoAQH4AQOIAgGoAgO4ApLEraMGwAIB0gIkMTdiMTYyOWEtODBiZC00YTkwLWFhY2EtZjVlYzM2MGNiOWIy2AIF4AIB&ucfs=1&arphpl=1&group_adults=2&req_adults=2&no_rooms=1&group_children=0&req_children=0&hpos=8&hapos=8&sr_order=popularity&srpvid=347558c9b6260074&srepoch=1684759059&from=searchresults,7.2," Le complexe hôtelier urbain C Suites se situe à Nîmes, à seulement 3 km des arènes. Cet hôtel entièrement rénové vous accueille dans un parc arboré de 1 hectare avec une piscine extérieure, un court de tennis et un terrain de pétanque.
  Le complexe hôtelier urbain C Suites se situe à Nîmes, à seulement 3 km des arènes. Cet hôtel entièrement rénové vous accueille dans un parc arboré de 1 hectare avec une piscine extérieure, un court de tennis et un terrain de pétanque.
",43.815377,4.345905
Hôtel & Spa Vatel,https://www.booking.com/hotel/fr/vatel.fr.html?aid=304142&label=gen173nr-1FCAQoggJCDXNlYXJjaF9uw65tZXNIDVgEaE2IAQGYAQ24AQrIAQXYAQHoAQH4AQOIAgGoAgO4ApLEraMGwAIB0gIkMTdiMTYyOWEtODBiZC00YTkwLWFhY2EtZjVlYzM2MGNiOWIy2AIF4AIB&ucfs=1&arphpl=1&group_adults=2&req_adults=2&no_rooms=1&group_children=0&req_children=0&hpos=6&hapos=6&sr_order=popularity&srpvid=347558c9b6260074&srepoch=1684759059&from=searchresults,8.3," L’Hôtel & Spa Vatel vous accueille à 10 minutes de route du centre-ville de Nîmes et à 15 km de l’aéroport de Nîmes Alès Camargue Cévennes. Ce complexe hôtelier 4 étoiles propose un accès gratuit au spa et à la salle de sport, où vous profiterez notamment d’une piscine intérieure chauffée et d’un bain à remous.
  L’Hôtel & Spa Vatel vous accueille à 10 minutes de route du centre-ville de Nîmes et à 15 km de l’aéroport de Nîmes Alès Camargue Cévennes. Ce complexe hôtelier 4 étoiles propose un accès gratuit au spa et à la salle de sport, où vous profiterez notamment d’une piscine intérieure chauffée et d’un bain à remous.
",43.82057675,4.31912698
Appart'City Classic Nîmes,https://www.booking.com/hotel/fr/appart-city-nimes.fr.html?aid=304142&label=gen173nr-1FCAQoggJCDXNlYXJjaF9uw65tZXNIDVgEaE2IAQGYAQ24AQrIAQXYAQHoAQH4AQOIAgGoAgO4ApLEraMGwAIB0gIkMTdiMTYyOWEtODBiZC00YTkwLWFhY2EtZjVlYzM2MGNiOWIy2AIF4AIB&ucfs=1&arphpl=1&group_adults=2&req_adults=2&no_rooms=1&group_children=0&req_children=0&hpos=9&hapos=9&sr_order=popularity&srpvid=347558c9b6260074&srepoch=1684759059&from_sustainable_property_sr=1&from=searchresults,6.9," L’Appart'City Nîmes est situé à Nîmes, à 500 mètres du centre sportif et parc des expositions Le Parnasse, ainsi qu’à 20 minutes à pied des arènes de Nîmes et de la gare TGV.
  L’Appart'City Nîmes est situé à Nîmes, à 500 mètres du centre sportif et parc des expositions Le Parnasse, ainsi qu’à 20 minutes à pied des arènes de Nîmes et de la gare TGV.
",43.82158549,4.3645978
Twenty's Business Flats Nîmes Trigone,https://www.booking.com/hotel/fr/twenty-campus-nimes-trigone.fr.html?aid=304142&label=gen173nr-1FCAQoggJCDXNlYXJjaF9uw65tZXNIDVgEaE2IAQGYAQ24AQrIAQXYAQHoAQH4AQOIAgGoAgO4ApLEraMGwAIB0gIkMTdiMTYyOWEtODBiZC00YTkwLWFhY2EtZjVlYzM2MGNiOWIy2AIF4AIB&ucfs=1&arphpl=1&group_adults=2&req_adults=2&no_rooms=1&group_children=0&req_children=0&hpos=4&hapos=4&sr_order=popularity&srpvid=347558c9b6260074&srepoch=1684759059&from_sustainable_property_sr=1&from=searchresults,8.2," Situé à Nîmes, le Twenty's Business Flats Nîmes Trigone propose un hébergement à 13 km du parc des expositions et à 34 km de l'amphithéâtre d'Arles. Vous bénéficierez gratuitement d'une connexion Wi-Fi dans l'ensemble des locaux et d'un parking privé. Un parking est disponible sur place.
  Situé à Nîmes, le Twenty's Business Flats Nîmes Trigone propose un hébergement à 13 km du parc des expositions et à 34 km de l'amphithéâtre d'Arles. Vous bénéficierez gratuitement d'une connexion Wi-Fi dans l'ensemble des locaux et d'un parking privé. Un parking est disponible sur place.
",43.831504,4.367797
Kyriad Nîmes Ouest A9,https://www.booking.com/hotel/fr/kyriad-na-r-mes-ouest.fr.html?aid=304142&label=gen173nr-1FCAQoggJCDXNlYXJjaF9uw65tZXNIDVgEaE2IAQGYAQ24AQrIAQXYAQHoAQH4AQOIAgGoAgO4ApLEraMGwAIB0gIkMTdiMTYyOWEtODBiZC00YTkwLWFhY2EtZjVlYzM2MGNiOWIy2AIF4AIB&ucfs=1&arphpl=1&group_adults=2&req_adults=2&no_rooms=1&group_children=0&req_children=0&hpos=5&hapos=5&sr_order=popularity&srpvid=347558c9b6260074&srepoch=1684759059&from_sustainable_property_sr=1&from=searchresults,7.5," Idéalement situé à 10 minutes en voiture du centre de Nîmes et à 2 km de la sortie 25 de l’autoroute A9, l’établissement 3 étoiles Kyriad Nîmes Ouest propose une connexion Wi-Fi à 20 Mb/s gratuite et des coins salon extérieurs.
  Idéalement situé à 10 minutes en voiture du centre de Nîmes et à 2 km de la sortie 25 de l’autoroute A9, l’établissement 3 étoiles Kyriad Nîmes Ouest propose une connexion Wi-Fi à 20 Mb/s gratuite et des coins salon extérieurs.
",43.81470735,4.3448326
Best Western Marquis de la Baume,https://www.booking.com/hotel/fr/ha-tel-la-baume.fr.html?aid=304142&label=gen173nr-1FCAQoggJCDXNlYXJjaF9uw65tZXNIDVgEaE2IAQGYAQ24AQrIAQXYAQHoAQH4AQOIAgGoAgO4ApLEraMGwAIB0gIkMTdiMTYyOWEtODBiZC00YTkwLWFhY2EtZjVlYzM2MGNiOWIy2AIF4AIB&ucfs=1&arphpl=1&group_adults=2&req_adults=2&no_rooms=1&group_children=0&req_children=0&hpos=3&hapos=3&sr_order=popularity&srpvid=347558c9b6260074&srepoch=1684759059&from=searchresults,7.9," Situé dans le centre de la ville historique de Nîmes, le Best Western Marquis de la Baume occupe une maison de ville du XVIIe siècle, à seulement 3,7 km du parc des expositions de Nîmes et à 650 mètres des arènes. Une connexion est accessible gratuitement.
  Situé dans le centre de la ville historique de Nîmes, le Best Western Marquis de la Baume occupe une maison de ville du XVIIe siècle, à seulement 3,7 km du parc des expositions de Nîmes et à 650 mètres des arènes. Une connexion est accessible gratuitement.
",43.83959476,4.3610841
Royal Hôtel,https://www.booking.com/hotel/fr/royal.fr.html?aid=304142&label=gen173nr-1FCAQoggJCDXNlYXJjaF9uw65tZXNIDVgEaE2IAQGYAQ24AQrIAQXYAQHoAQH4AQOIAgGoAgO4ApLEraMGwAIB0gIkMTdiMTYyOWEtODBiZC00YTkwLWFhY2EtZjVlYzM2MGNiOWIy2AIF4AIB&ucfs=1&arphpl=1&group_adults=2&req_adults=2&no_rooms=1&group_children=0&req_children=0&hpos=1&hapos=1&sr_order=popularity&srpvid=347558c9b6260074&srepoch=1684759059&from_sustainable_property_sr=1&from=searchresults,8.2," Situé au cœur de Nîmes, le Royal Hôtel dispose d'un restaurant sur place, La Bodéguita, qui s'ouvre sur la place Assas. L'hôtel se trouve à moins de 3 minutes à pied du temple Maison Carrée et de la galerie d'art moderne Carré d'Art. Une connexion Wi-Fi est disponible gratuitement.
  Situé au cœur de Nîmes, le Royal Hôtel dispose d'un restaurant sur place, La Bodéguita, qui s'ouvre sur la place Assas. L'hôtel se trouve à moins de 3 minutes à pied du temple Maison Carrée et de la galerie d'art moderne Carré d'Art. Une connexion Wi-Fi est disponible gratuitement.
",43.8388151,4.35481846
Appart'City Collection Nîmes Arènes,https://www.booking.com/hotel/fr/appart-39-city-nimes.fr.html?aid=304142&label=gen173nr-1FCAQoggJCDXNlYXJjaF9uw65tZXNIDVgEaE2IAQGYAQ24AQrIAQXYAQHoAQH4AQOIAgGoAgO4ApLEraMGwAIB0gIkMTdiMTYyOWEtODBiZC00YTkwLWFhY2EtZjVlYzM2MGNiOWIy2AIF4AIB&ucfs=1&arphpl=1&group_adults=2&req_adults=2&no_rooms=1&group_children=0&req_children=0&hpos=2&hapos=2&sr_order=popularity&srpvid=347558c9b6260074&srepoch=1684759059&from_sustainable_property_sr=1&from=searchresults,8.6," L'Appart'City Confort Nîmes Arenes est situé dans le centre historique de Nîmes, à 1 minute à pied des arènes, à 300 mètres de la gare et à proximité d'un parking public souterrain. La connexion Wi-Fi est gratuite.
  L'Appart'City Confort Nîmes Arenes est situé dans le centre historique de Nîmes, à 1 minute à pied des arènes, à 300 mètres de la gare et à proximité d'un parking public souterrain. La connexion Wi-Fi est gratuite.
",43.83387353,4.36143396
Hôtel Des Arts-Bastille,https://www.booking.com/hotel/fr/hotel-des-arts-bastille.fr.html?aid=304142&label=gen173nr-1FCAQoggJCDHNlYXJjaF9wYXJpc0gNWARoTYgBAZgBDbgBCsgBBdgBAegBAfgBA4gCAagCA7gCksStowbAAgHSAiQ1MThkZTczZC05NjMxLTQ0MjMtYWJhZi1mZjAyYzQ2ZmM5NzDYAgXgAgE&ucfs=1&arphpl=1&group_adults=2&req_adults=2&no_rooms=1&group_children=0&req_children=0&hpos=19&hapos=19&sr_order=popularity&srpvid=9d0058c91a2b014e&srepoch=1684759059&from_sustainable_property_sr=1&from=searchresults,8.0," L'Hôtel des Arts-Bastille se situe à Paris, dans le quartier de Charonne. La Bastille et le quartier tendance du Marais sont à 15 minutes de marche. L'établissement propose des chambres modernes et insonorisées. Ces hébergements raffinés sont décorés par des artistes locaux et dotés d'une connexion Wi-Fi haut débit gratuite.
  L'Hôtel des Arts-Bastille se situe à Paris, dans le quartier de Charonne. La Bastille et le quartier tendance du Marais sont à 15 minutes de marche. L'établissement propose des chambres modernes et insonorisées. Ces hébergements raffinés sont décorés par des artistes locaux et dotés d'une connexion Wi-Fi haut débit gratuite.
",48.8540223,2.38201015
Lodge In,https://www.booking.com/hotel/fr/lodge-in-mis.fr.html?aid=304142&label=gen173nr-1FCAQoggJCDHNlYXJjaF9wYXJpc0gNWARoTYgBAZgBDbgBCsgBBdgBAegBAfgBA4gCAagCA7gCksStowbAAgHSAiQ1MThkZTczZC05NjMxLTQ0MjMtYWJhZi1mZjAyYzQ2ZmM5NzDYAgXgAgE&ucfs=1&arphpl=1&group_adults=2&req_adults=2&no_rooms=1&group_children=0&req_children=0&hpos=18&hapos=18&sr_order=popularity&srpvid=9d0058c91a2b014e&srepoch=1684759059&from_sustainable_property_sr=1&from=searchresults,7.0," Situé dans le 13ème arrondissement de Paris, le Lodge In propose un hébergement avec connexion Wi-Fi gratuite accessible dans tout l'établissement, à seulement 2 km de la Bibliothèque nationale de France et à 2,6 km de l'AccorHotels Arena.
  Situé dans le 13ème arrondissement de Paris, le Lodge In propose un hébergement avec connexion Wi-Fi gratuite accessible dans tout l'établissement, à seulement 2 km de la Bibliothèque nationale de France et à 2,6 km de l'AccorHotels Arena.
",48.82093542,2.37515777
Hotel Eiffel Blomet,https://www.booking.com/hotel/fr/eiffel-blomet.fr.html?aid=304142&label=gen173nr-1FCAQoggJCDHNlYXJjaF9wYXJpc0gNWARoTYgBAZgBDbgBCsgBBdgBAegBAfgBA4gCAagCA7gCksStowbAAgHSAiQ1MThkZTczZC05NjMxLTQ0MjMtYWJhZi1mZjAyYzQ2ZmM5NzDYAgXgAgE&ucfs=1&arphpl=1&group_adults=2&req_adults=2&no_rooms=1&group_children=0&req_children=0&hpos=17&hapos=17&sr_order=popularity&srpvid=9d0058c91a2b014e&srepoch=1684759059&from_sustainable_property_sr=1&from=searchresults,8.7," Doté d'une piscine, d'un sauna et d'un hammam, l'Hotel Eiffel Blomet est situé dans le 15ème arrondissement de Paris, à 1,6 km du parc des expositions de Paris Expo-Porte de Versailles. Vous pourrez profiter du bar sur place.
  Doté d'une piscine, d'un sauna et d'un hammam, l'Hotel Eiffel Blomet est situé dans le 15ème arrondissement de Paris, à 1,6 km du parc des expositions de Paris Expo-Porte de Versailles. Vous pourrez profiter du bar sur place.
",48.84179001,2.30217602
Cozy studio for 4 people - Opera,https://www.booking.com/hotel/fr/cozy-studio-for-4-people-opera.fr.html?aid=304142&label=gen173nr-1FCAQoggJCDHNlYXJjaF9wYXJpc0gNWARoTYgBAZgBDbgBCsgBBdgBAegBAfgBA4gCAagCA7gCksStowbAAgHSAiQ1MThkZTczZC05NjMxLTQ0MjMtYWJhZi1mZjAyYzQ2ZmM5NzDYAgXgAgE&ucfs=1&arphpl=1&group_adults=2&req_adults=2&no_rooms=1&group_children=0&req_children=0&hpos=15&hapos=15&sr_order=popularity&srpvid=9d0058c91a2b014e&srepoch=1684759059&from=searchresults,, ,48.871795,2.344371
Best Western Plus 61 Paris Nation Hotel,https://www.booking.com/hotel/fr/best-western-premier-61-paris-nation-hotel.fr.html?aid=304142&label=gen173nr-1FCAQoggJCDHNlYXJjaF9wYXJpc0gNWARoTYgBAZgBDbgBCsgBBdgBAegBAfgBA4gCAagCA7gCksStowbAAgHSAiQ1MThkZTczZC05NjMxLTQ0MjMtYWJhZi1mZjAyYzQ2ZmM5NzDYAgXgAgE&ucfs=1&arphpl=1&group_adults=2&req_adults=2&no_rooms=1&group_children=0&req_children=0&hpos=16&hapos=16&sr_order=popularity&srpvid=9d0058c91a2b014e&srepoch=1684759059&from_sustainable_property_sr=1&from=searchresults,7.6," Le Best Western Plus 61 Paris Nation Hotel se trouve à seulement 2 minutes à pied de la place de la Nation et à 15 minutes de marche du bois de Vincennes. Décoré dans un style rétro-chic des années 1960, cet hôtel propose des chambres insonorisées avec connexion Wi-Fi gratuite. Certains hébergements offrent une vue sur la cour de l'hôtel.
  Le Best Western Plus 61 Paris Nation Hotel se trouve à seulement 2 minutes à pied de la place de la Nation et à 15 minutes de marche du bois de Vincennes. Décoré dans un style rétro-chic des années 1960, cet hôtel propose des chambres insonorisées avec connexion Wi-Fi gratuite. Certains hébergements offrent une vue sur la cour de l'hôtel.
",48.84650926,2.41023235
Studio Saint-Placide,https://www.booking.com/hotel/fr/studio-saint-placide.fr.html?aid=304142&label=gen173nr-1FCAQoggJCDHNlYXJjaF9wYXJpc0gNWARoTYgBAZgBDbgBCsgBBdgBAegBAfgBA4gCAagCA7gCksStowbAAgHSAiQ1MThkZTczZC05NjMxLTQ0MjMtYWJhZi1mZjAyYzQ2ZmM5NzDYAgXgAgE&ucfs=1&arphpl=1&group_adults=2&req_adults=2&no_rooms=1&group_children=0&req_children=0&hpos=12&hapos=12&sr_order=popularity&srpvid=9d0058c91a2b014e&srepoch=1684759059&from=searchresults,8.1, ,48.8481497,2.326653
Hotel CIS Paris Kellermann,https://www.booking.com/hotel/fr/ra-c-sidence-cisp-kellermann.fr.html?aid=304142&label=gen173nr-1FCAQoggJCDHNlYXJjaF9wYXJpc0gNWARoTYgBAZgBDbgBCsgBBdgBAegBAfgBA4gCAagCA7gCksStowbAAgHSAiQ1MThkZTczZC05NjMxLTQ0MjMtYWJhZi1mZjAyYzQ2ZmM5NzDYAgXgAgE&ucfs=1&arphpl=1&group_adults=2&req_adults=2&no_rooms=1&group_children=0&req_children=0&hpos=14&hapos=14&sr_order=popularity&srpvid=9d0058c91a2b014e&srepoch=1684759059&from=searchresults,7.3," Situé à 300 mètres de la porte d'Italie et à 15 minutes à pied du parc Montsouris, l'Hotel CIS Paris Kellermann propose des chambres avec une petite salle de bains privative (de style cabine). Une connexion Wi-Fi est disponible gratuitement dans les parties communes et dans les chambres. Vous pourrez vous garer dans un parking privé gratuit (sous réserve de disponibilité), qui n'est pas surveillé par un système de vidéosurveillance.
  Situé à 300 mètres de la porte d'Italie et à 15 minutes à pied du parc Montsouris, l'Hotel CIS Paris Kellermann propose des chambres avec une petite salle de bains privative (de style cabine). Une connexion Wi-Fi est disponible gratuitement dans les parties communes et dans les chambres. Vous pourrez vous garer dans un parking privé gratuit (sous réserve de disponibilité), qui n'est pas surveillé par un système de vidéosurveillance.
",48.8198278,2.3566896
296-Suite Ponceau,https://www.booking.com/hotel/fr/296-suite-ponceau.fr.html?aid=304142&label=gen173nr-1FCAQoggJCDHNlYXJjaF9wYXJpc0gNWARoTYgBAZgBDbgBCsgBBdgBAegBAfgBA4gCAagCA7gCksStowbAAgHSAiQ1MThkZTczZC05NjMxLTQ0MjMtYWJhZi1mZjAyYzQ2ZmM5NzDYAgXgAgE&ucfs=1&arphpl=1&group_adults=2&req_adults=2&no_rooms=1&group_children=0&req_children=0&hpos=11&hapos=11&sr_order=popularity&srpvid=9d0058c91a2b014e&srepoch=1684759059&from=searchresults,," Doté d'une connexion Wi-Fi gratuite et offrant une vue sur la ville, le 296-Suite Ponceau est un hébergement situé au cœur de Paris, à seulement 1,1 km du centre Pompidou et à 1,3 km de la station de métro Gare de l'Est. Il se trouve à 1,4 km de la gare de l'Est et dispose d'une réception ouverte 24h/24.
  Doté d'une connexion Wi-Fi gratuite et offrant une vue sur la ville, le 296-Suite Ponceau est un hébergement situé au cœur de Paris, à seulement 1,1 km du centre Pompidou et à 1,3 km de la station de métro Gare de l'Est. Il se trouve à 1,4 km de la gare de l'Est et dispose d'une réception ouverte 24h/24.
",48.8667488,2.3515799
Motel One Paris-Porte Dorée,https://www.booking.com/hotel/fr/motel-one-paris-porte-doree.fr.html?aid=304142&label=gen173nr-1FCAQoggJCDHNlYXJjaF9wYXJpc0gNWARoTYgBAZgBDbgBCsgBBdgBAegBAfgBA4gCAagCA7gCksStowbAAgHSAiQ1MThkZTczZC05NjMxLTQ0MjMtYWJhZi1mZjAyYzQ2ZmM5NzDYAgXgAgE&ucfs=1&arphpl=1&group_adults=2&req_adults=2&no_rooms=1&group_children=0&req_children=0&hpos=10&hapos=10&sr_order=popularity&srpvid=9d0058c91a2b014e&srepoch=1684759059&from_sustainable_property_sr=1&from=searchresults,8.7," Situé à Paris, dans le 12ème arrondissement, le Motel One Paris-Porte Dorée dispose d'un bar et d'un jardin. Vous serez à 6 minutes à pied de la station de métro Porte Dorée, à 4 km de l'opéra Bastille et à 6 km de la cathédrale Notre-Dame.
  Situé à Paris, dans le 12ème arrondissement, le Motel One Paris-Porte Dorée dispose d'un bar et d'un jardin. Vous serez à 6 minutes à pied de la station de métro Porte Dorée, à 4 km de l'opéra Bastille et à 6 km de la cathédrale Notre-Dame.
",48.834942,2.410246
Nice accommodation for 2 people in La Villette,https://www.booking.com/hotel/fr/nice-accommodation-for-2-people-in-la-villette-paris.fr.html?aid=304142&label=gen173nr-1FCAQoggJCDHNlYXJjaF9wYXJpc0gNWARoTYgBAZgBDbgBCsgBBdgBAegBAfgBA4gCAagCA7gCksStowbAAgHSAiQ1MThkZTczZC05NjMxLTQ0MjMtYWJhZi1mZjAyYzQ2ZmM5NzDYAgXgAgE&ucfs=1&arphpl=1&group_adults=2&req_adults=2&no_rooms=1&group_children=0&req_children=0&hpos=9&hapos=9&sr_order=popularity&srpvid=9d0058c91a2b014e&srepoch=1684759059&from=searchresults,," Le Nice accommodation for 2 people in La Villette est situé dans le 19ème arrondissement. Vous séjournerez à 1,4 km de la gare du Nord, à 1,5 km de la station de métro Gare de l'Est et de la gare de l'Est. Vous séjournerez à 1,4 km de la station de métro Gare du Nord et bénéficierez d'une connexion Wi-Fi gratuite dans l'ensemble des locaux.
  Le Nice accommodation for 2 people in La Villette est situé dans le 19ème arrondissement. Vous séjournerez à 1,4 km de la gare du Nord, à 1,5 km de la station de métro Gare de l'Est et de la gare de l'Est. Vous séjournerez à 1,4 km de la station de métro Gare du Nord et bénéficierez d'une connexion Wi-Fi gratuite dans l'ensemble des locaux.
",48.886,2.367307
Hôtel de Bordeaux,https://www.booking.com/hotel/fr/de-bordeaux-paris.fr.html?aid=304142&label=gen173nr-1FCAQoggJCDHNlYXJjaF9wYXJpc0gNWARoTYgBAZgBDbgBCsgBBdgBAegBAfgBA4gCAagCA7gCksStowbAAgHSAiQ1MThkZTczZC05NjMxLTQ0MjMtYWJhZi1mZjAyYzQ2ZmM5NzDYAgXgAgE&ucfs=1&arphpl=1&group_adults=2&req_adults=2&no_rooms=1&group_children=0&req_children=0&hpos=13&hapos=13&sr_order=popularity&srpvid=9d0058c91a2b014e&srepoch=1684759059&from=searchresults,7.9," Situé à quelques pas de la basilique du Sacré-Cœur, non loin des célèbres Galeries Lafayette, l'Hôtel de Bordeaux vous propose des hébergements modernes.
  Situé à quelques pas de la basilique du Sacré-Cœur, non loin des célèbres Galeries Lafayette, l'Hôtel de Bordeaux vous propose des hébergements modernes.
",48.87473811,2.35572852
Hotel Nation Montmartre,https://www.booking.com/hotel/fr/nation-montmartre.fr.html?aid=304142&label=gen173nr-1FCAQoggJCDHNlYXJjaF9wYXJpc0gNWARoTYgBAZgBDbgBCsgBBdgBAegBAfgBA4gCAagCA7gCksStowbAAgHSAiQ1MThkZTczZC05NjMxLTQ0MjMtYWJhZi1mZjAyYzQ2ZmM5NzDYAgXgAgE&ucfs=1&arphpl=1&group_adults=2&req_adults=2&no_rooms=1&group_children=0&req_children=0&hpos=6&hapos=6&sr_order=popularity&srpvid=9d0058c91a2b014e&srepoch=1684759059&from_sustainable_property_sr=1&from=searchresults,7.0," Le Nation Montmartre est situé dans le nord de Paris, à seulement 5 minutes à pied du Sacré-Cœur et de la gare du Nord. L'hôtel est installé à 15 minutes à pied du Moulin Rouge. Il se trouve en face de la station de métro Barbes-Rochechouart, qui offre un accès direct à la ville.
  Le Nation Montmartre est situé dans le nord de Paris, à seulement 5 minutes à pied du Sacré-Cœur et de la gare du Nord. L'hôtel est installé à 15 minutes à pied du Moulin Rouge. Il se trouve en face de la station de métro Barbes-Rochechouart, qui offre un accès direct à la ville.
",48.88437583,2.34902233
Charmant 2pièces Pied Montmartre,https://www.booking.com/hotel/fr/charmant-2pieces-pied-montmartre.fr.html?aid=304142&label=gen173nr-1FCAQoggJCDHNlYXJjaF9wYXJpc0gNWARoTYgBAZgBDbgBCsgBBdgBAegBAfgBA4gCAagCA7gCksStowbAAgHSAiQ1MThkZTczZC05NjMxLTQ0MjMtYWJhZi1mZjAyYzQ2ZmM5NzDYAgXgAgE&ucfs=1&arphpl=1&group_adults=2&req_adults=2&no_rooms=1&group_children=0&req_children=0&hpos=7&hapos=7&sr_order=popularity&srpvid=9d0058c91a2b014e&srepoch=1684759059&from=searchresults,," Le Charmant 2pièces Pied Montmartre est situé à Paris. Vous bénéficierez d'une connexion Wi-Fi gratuite dans l'ensemble des locaux. 
  Le Charmant 2pièces Pied Montmartre est situé à Paris. Vous bénéficierez d'une connexion Wi-Fi gratuite dans l'ensemble des locaux. 
",48.894546,2.3457222
COZY ROOM WITH A WONDERFUL VIEW FROM THE BALCONY,https://www.booking.com/hotel/fr/cozy-room-with-a-wonderful-view-from-the-balcony.fr.html?aid=304142&label=gen173nr-1FCAQoggJCDHNlYXJjaF9wYXJpc0gNWARoTYgBAZgBDbgBCsgBBdgBAegBAfgBA4gCAagCA7gCksStowbAAgHSAiQ1MThkZTczZC05NjMxLTQ0MjMtYWJhZi1mZjAyYzQ2ZmM5NzDYAgXgAgE&ucfs=1&arphpl=1&group_adults=2&req_adults=2&no_rooms=1&group_children=0&req_children=0&hpos=3&hapos=3&sr_order=popularity&srpvid=9d0058c91a2b014e&srepoch=1684759059&from=searchresults,," Situé à Paris, à 400 mètres de l'opéra Bastille, à moins de 1 km de Paris-Gare-de-Lyon et à 2,3 km du centre Pompidou, le COZY ROOM WITH A WONDERFUL VIEW FROM THE BALCON propose un hébergement avec un balcon et une connexion Wi-Fi gratuite. Cet appartement se trouve à 3,2 km de la station de métro Gare de l'Est et à 3,4 km de la gare de l'Est.
  Situé à Paris, à 400 mètres de l'opéra Bastille, à moins de 1 km de Paris-Gare-de-Lyon et à 2,3 km du centre Pompidou, le COZY ROOM WITH A WONDERFUL VIEW FROM THE BALCON propose un hébergement avec un balcon et une connexion Wi-Fi gratuite. Cet appartement se trouve à 3,2 km de la station de métro Gare de l'Est et à 3,4 km de la gare de l'Est.
",48.8506716,2.3692864
Hotel Armoni Paris,https://www.booking.com/hotel/fr/armoni-paris.fr.html?aid=304142&label=gen173nr-1FCAQoggJCDHNlYXJjaF9wYXJpc0gNWARoTYgBAZgBDbgBCsgBBdgBAegBAfgBA4gCAagCA7gCksStowbAAgHSAiQ1MThkZTczZC05NjMxLTQ0MjMtYWJhZi1mZjAyYzQ2ZmM5NzDYAgXgAgE&ucfs=1&arphpl=1&group_adults=2&req_adults=2&no_rooms=1&group_children=0&req_children=0&hpos=8&hapos=8&sr_order=popularity&srpvid=9d0058c91a2b014e&srepoch=1684759059&from_sustainable_property_sr=1&from=searchresults,8.1," L'Hotel Armoni Paris est un hôtel design situé à 17 minutes à pied du palais des congrès de Paris et à 100 mètres de la station de métro Porte de Champerret, qui offre un accès direct au centre-ville de Paris. Il propose une réception ouverte 24h/24, un service de concierge et une connexion Wi-Fi gratuite dans l'ensemble des locaux.
  L'Hotel Armoni Paris est un hôtel design situé à 17 minutes à pied du palais des congrès de Paris et à 100 mètres de la station de métro Porte de Champerret, qui offre un accès direct au centre-ville de Paris. Il propose une réception ouverte 24h/24, un service de concierge et une connexion Wi-Fi gratuite dans l'ensemble des locaux.
",48.88513772,2.2929845
Joli Studio Parisien,https://www.booking.com/hotel/fr/joli-studio-parisien.fr.html?aid=304142&label=gen173nr-1FCAQoggJCDHNlYXJjaF9wYXJpc0gNWARoTYgBAZgBDbgBCsgBBdgBAegBAfgBA4gCAagCA7gCksStowbAAgHSAiQ1MThkZTczZC05NjMxLTQ0MjMtYWJhZi1mZjAyYzQ2ZmM5NzDYAgXgAgE&ucfs=1&arphpl=1&group_adults=2&req_adults=2&no_rooms=1&group_children=0&req_children=0&hpos=4&hapos=4&sr_order=popularity&srpvid=9d0058c91a2b014e&srepoch=1684759059&from=searchresults,," Joli Studio Parisien is located in the 18th arr. District of Paris, 800 metres from Pigalle Metro Station, less than 1 km from La Cigale Concert Hall and a 16-minute walk from Gare Saint-Lazare. This apartment is 2.2 km from Gare du Nord and 1.4 km from Sacré-Coeur.
  Joli Studio Parisien is located in the 18th arr. District of Paris, 800 metres from Pigalle Metro Station, less than 1 km from La Cigale Concert Hall and a 16-minute walk from Gare Saint-Lazare. This apartment is 2.2 km from Gare du Nord and 1.4 km from Sacré-Coeur.
",48.8850033,2.3289976
Hôtel Avenir Jonquière,https://www.booking.com/hotel/fr/avenir-jonquiere.fr.html?aid=304142&label=gen173nr-1FCAQoggJCDHNlYXJjaF9wYXJpc0gNWARoTYgBAZgBDbgBCsgBBdgBAegBAfgBA4gCAagCA7gCksStowbAAgHSAiQ1MThkZTczZC05NjMxLTQ0MjMtYWJhZi1mZjAyYzQ2ZmM5NzDYAgXgAgE&ucfs=1&arphpl=1&group_adults=2&req_adults=2&no_rooms=1&group_children=0&req_children=0&hpos=5&hapos=5&sr_order=popularity&srpvid=9d0058c91a2b014e&srepoch=1684759059&from=searchresults,7.9," Doté d'une connexion Wi-Fi gratuitement accessible dans tout l'établissement, l'Hôtel Avenir Jonquière vous propose des chambres avec télévision à écran plat et salle de bains privative, à Paris. La station de métro Guy Moquet, la plus proche, se situe à seulement 2 minutes à pied et vous permettra de rejoindre Montmartre en 15 minutes.
  Doté d'une connexion Wi-Fi gratuitement accessible dans tout l'établissement, l'Hôtel Avenir Jonquière vous propose des chambres avec télévision à écran plat et salle de bains privative, à Paris. La station de métro Guy Moquet, la plus proche, se situe à seulement 2 minutes à pied et vous permettra de rejoindre Montmartre en 15 minutes.
",48.89349841,2.32500155
Cosy apartment RDC - Sacrée Coeur Montmartre,https://www.booking.com/hotel/fr/cosy-apartment-rdc-sacree-coeur-montmartre-paris1.fr.html?aid=304142&label=gen173nr-1FCAQoggJCDHNlYXJjaF9wYXJpc0gNWARoTYgBAZgBDbgBCsgBBdgBAegBAfgBA4gCAagCA7gCksStowbAAgHSAiQ1MThkZTczZC05NjMxLTQ0MjMtYWJhZi1mZjAyYzQ2ZmM5NzDYAgXgAgE&ucfs=1&arphpl=1&group_adults=2&req_adults=2&no_rooms=1&group_children=0&req_children=0&hpos=1&hapos=1&sr_order=popularity&srpvid=9d0058c91a2b014e&srepoch=1684759059&from=searchresults,," Set in Paris, 200 metres from La Cigale Concert Hall and 400 metres from Pigalle Metro Station, Cosy apartment RDC - Sacrée Coeur Montmartre provides accommodation with amenities such as free WiFi and a TV. This apartment is 1.9 km from Opéra Garnier and 1.7 km from Gare de l'Est.
  Set in Paris, 200 metres from La Cigale Concert Hall and 400 metres from Pigalle Metro Station, Cosy apartment RDC - Sacrée Coeur Montmartre provides accommodation with amenities such as free WiFi and a TV. This apartment is 1.9 km from Opéra Garnier and 1.7 km from Gare de l'Est.
",48.8828038,2.3423709
Zoku Paris,https://www.booking.com/hotel/fr/zoku-paris.fr.html?aid=304142&label=gen173nr-1FCAQoggJCDHNlYXJjaF9wYXJpc0gNWARoTYgBAZgBDbgBCsgBBdgBAegBAfgBA4gCAagCA7gCksStowbAAgHSAiQ1MThkZTczZC05NjMxLTQ0MjMtYWJhZi1mZjAyYzQ2ZmM5NzDYAgXgAgE&ucfs=1&arphpl=1&group_adults=2&req_adults=2&no_rooms=1&group_children=0&req_children=0&hpos=2&hapos=2&sr_order=popularity&srpvid=9d0058c91a2b014e&srepoch=1684759059&from_sustainable_property_sr=1&from=searchresults,9.2," Offrant une vue sur la ville, le Zoku Paris est situé à Paris. Il propose une salle de sport, un salon commun, une terrasse, un restaurant et un bar. Une connexion Wi-Fi est disponible gratuitement dans l'ensemble de ses locaux.
  Offrant une vue sur la ville, le Zoku Paris est situé à Paris. Il propose une salle de sport, un salon commun, une terrasse, un restaurant et un bar. Une connexion Wi-Fi est disponible gratuitement dans l'ensemble de ses locaux.
",48.8961422,2.3102417
Best Western Urban Hotel,https://www.booking.com/hotel/fr/hotel-spa-grand-palais-lille.fr.html?aid=304142&label=gen173nr-1FCAQoggJCDHNlYXJjaF9saWxsZUgNWARoTYgBAZgBDbgBCsgBBdgBAegBAfgBA4gCAagCA7gCksStowbAAgHSAiQ3M2QxYjVjYy1jZmU5LTQ1NjgtYTdmMS0wZWY1YWFlOTE1MDXYAgXgAgE&ucfs=1&arphpl=1&group_adults=2&req_adults=2&no_rooms=1&group_children=0&req_children=0&hpos=20&hapos=20&sr_order=popularity&srpvid=ce6c58c9e31900e7&srepoch=1684759059&from_sustainable_property_sr=1&from=searchresults,7.8, ,50.62326,3.07548121
Première Classe Lille Centre,https://www.booking.com/hotel/fr/premiere-classe-lille.fr.html?aid=304142&label=gen173nr-1FCAQoggJCDHNlYXJjaF9saWxsZUgNWARoTYgBAZgBDbgBCsgBBdgBAegBAfgBA4gCAagCA7gCksStowbAAgHSAiQ3M2QxYjVjYy1jZmU5LTQ1NjgtYTdmMS0wZWY1YWFlOTE1MDXYAgXgAgE&ucfs=1&arphpl=1&group_adults=2&req_adults=2&no_rooms=1&group_children=0&req_children=0&hpos=19&hapos=19&sr_order=popularity&srpvid=ce6c58c9e31900e7&srepoch=1684759059&from_sustainable_property_sr=1&from=searchresults,5.7," Le Première Classe Lille Centre vous accueille dans le centre-ville de Lille, à seulement 200 mètres de la gare/station de métro de Lille-Flandres. Le centre des conventions Lille Grand Palais et le complexe du Nouveau Siècle sont à 10 minutes à pied. L'établissement propose des hébergements dotés d'une connexion Wi-Fi gratuite et d'une télévision par satellite à écran plat.
  Le Première Classe Lille Centre vous accueille dans le centre-ville de Lille, à seulement 200 mètres de la gare/station de métro de Lille-Flandres. Le centre des conventions Lille Grand Palais et le complexe du Nouveau Siècle sont à 10 minutes à pied. L'établissement propose des hébergements dotés d'une connexion Wi-Fi gratuite et d'une télévision par satellite à écran plat.
",50.63728452,3.06844845
greet hotel Lille Gare Flandres - Groupe Accor - Ex Hôtel CALM,https://www.booking.com/hotel/fr/calm-lille.fr.html?aid=304142&label=gen173nr-1FCAQoggJCDHNlYXJjaF9saWxsZUgNWARoTYgBAZgBDbgBCsgBBdgBAegBAfgBA4gCAagCA7gCksStowbAAgHSAiQ3M2QxYjVjYy1jZmU5LTQ1NjgtYTdmMS0wZWY1YWFlOTE1MDXYAgXgAgE&ucfs=1&arphpl=1&group_adults=2&req_adults=2&no_rooms=1&group_children=0&req_children=0&hpos=17&hapos=17&sr_order=popularity&srpvid=ce6c58c9e31900e7&srepoch=1684759059&from_sustainable_property_sr=1&from=searchresults,7.5," L'Hôtel Calm Lille est situé dans le centre-ville de Lille, à seulement 3 minutes à pied de la gare de Lille Flandres, ainsi qu'à 1 km du centre de conventions Grand Palais et de la salle de spectacle Le Nouveau Siècle. La connexion Wi-Fi est accessible gratuitement dans l'ensemble de l'établissement.
  L'Hôtel Calm Lille est situé dans le centre-ville de Lille, à seulement 3 minutes à pied de la gare de Lille Flandres, ainsi qu'à 1 km du centre de conventions Grand Palais et de la salle de spectacle Le Nouveau Siècle. La connexion Wi-Fi est accessible gratuitement dans l'ensemble de l'établissement.
",50.63528798,3.06970725
Aparthotel Adagio Access Lille Vauban,https://www.booking.com/hotel/fr/citea-lille-vauban.fr.html?aid=304142&label=gen173nr-1FCAQoggJCDHNlYXJjaF9saWxsZUgNWARoTYgBAZgBDbgBCsgBBdgBAegBAfgBA4gCAagCA7gCksStowbAAgHSAiQ3M2QxYjVjYy1jZmU5LTQ1NjgtYTdmMS0wZWY1YWFlOTE1MDXYAgXgAgE&ucfs=1&arphpl=1&group_adults=2&req_adults=2&no_rooms=1&group_children=0&req_children=0&hpos=18&hapos=18&sr_order=popularity&srpvid=ce6c58c9e31900e7&srepoch=1684759059&from_sustainable_property_sr=1&from=searchresults,7.0, ,50.6328418,3.0495885
Hotel Kanaï,https://www.booking.com/hotel/fr/k.fr.html?aid=304142&label=gen173nr-1FCAQoggJCDHNlYXJjaF9saWxsZUgNWARoTYgBAZgBDbgBCsgBBdgBAegBAfgBA4gCAagCA7gCksStowbAAgHSAiQ3M2QxYjVjYy1jZmU5LTQ1NjgtYTdmMS0wZWY1YWFlOTE1MDXYAgXgAgE&ucfs=1&arphpl=1&group_adults=2&req_adults=2&no_rooms=1&group_children=0&req_children=0&hpos=15&hapos=15&sr_order=popularity&srpvid=ce6c58c9e31900e7&srepoch=1684759059&from_sustainable_property_sr=1&from=searchresults,7.9," L'hôtel Kanaï vous accueille dans une zone piétonne du centre de Lille, à seulement 200 mètres de la célèbre Grand'Place. À pied, l'établissement se situe à 15 minutes du Grand Palais de Lille et à 6 minutes du centre de conventions Nouveau Siècle.
  L'hôtel Kanaï vous accueille dans une zone piétonne du centre de Lille, à seulement 200 mètres de la célèbre Grand'Place. À pied, l'établissement se situe à 15 minutes du Grand Palais de Lille et à 6 minutes du centre de conventions Nouveau Siècle.
",50.6347957,3.06413278
Campanile Lille Euralille,https://www.booking.com/hotel/fr/campanile-lille-euralille-xml.fr.html?aid=304142&label=gen173nr-1FCAQoggJCDHNlYXJjaF9saWxsZUgNWARoTYgBAZgBDbgBCsgBBdgBAegBAfgBA4gCAagCA7gCksStowbAAgHSAiQ3M2QxYjVjYy1jZmU5LTQ1NjgtYTdmMS0wZWY1YWFlOTE1MDXYAgXgAgE&ucfs=1&arphpl=1&group_adults=2&req_adults=2&no_rooms=1&group_children=0&req_children=0&hpos=16&hapos=16&sr_order=popularity&srpvid=ce6c58c9e31900e7&srepoch=1684759059&from_sustainable_property_sr=1&from=searchresults,8.0," Le Campanile Lille Euralille vous accueille à 1 km de la gare de Lille-Europe, à 2 km de la Grand-Place et à moins de 300 mètres de l'arrêt de tramway Romarin. Il possède une réception ouverte 24h/24 et un restaurant. Le stade Pierre-Mauroy est à 10 km.
  Le Campanile Lille Euralille vous accueille à 1 km de la gare de Lille-Europe, à 2 km de la Grand-Place et à moins de 300 mètres de l'arrêt de tramway Romarin. Il possède une réception ouverte 24h/24 et un restaurant. Le stade Pierre-Mauroy est à 10 km.
",50.6456983,3.07210967
Citadines City Centre Lille,https://www.booking.com/hotel/fr/citadines-aparthotel-lille-centre.fr.html?aid=304142&label=gen173nr-1FCAQoggJCDHNlYXJjaF9saWxsZUgNWARoTYgBAZgBDbgBCsgBBdgBAegBAfgBA4gCAagCA7gCksStowbAAgHSAiQ3M2QxYjVjYy1jZmU5LTQ1NjgtYTdmMS0wZWY1YWFlOTE1MDXYAgXgAgE&ucfs=1&arphpl=1&group_adults=2&req_adults=2&no_rooms=1&group_children=0&req_children=0&hpos=14&hapos=14&sr_order=popularity&srpvid=ce6c58c9e31900e7&srepoch=1684759059&from_sustainable_property_sr=1&from=searchresults,8.0," Le Citadines City Centre Lille est à 5 minutes de marche du centre historique piéton de Lille et à 250 mètres de la gare de Lille-Flandres. Il fait également partie du centre d'affaires Euralille et se trouve à 8 km du stade Pierre-Mauroy. Une connexion Wi-Fi est disponible gratuitement dans l'ensemble de la résidence.
  Le Citadines City Centre Lille est à 5 minutes de marche du centre historique piéton de Lille et à 250 mètres de la gare de Lille-Flandres. Il fait également partie du centre d'affaires Euralille et se trouve à 8 km du stade Pierre-Mauroy. Une connexion Wi-Fi est disponible gratuitement dans l'ensemble de la résidence.
",50.63686519,3.0732429
Hotel Du Moulin d'Or,https://www.booking.com/hotel/fr/du-moulin-dor.fr.html?aid=304142&label=gen173nr-1FCAQoggJCDHNlYXJjaF9saWxsZUgNWARoTYgBAZgBDbgBCsgBBdgBAegBAfgBA4gCAagCA7gCksStowbAAgHSAiQ3M2QxYjVjYy1jZmU5LTQ1NjgtYTdmMS0wZWY1YWFlOTE1MDXYAgXgAgE&ucfs=1&arphpl=1&group_adults=2&req_adults=2&no_rooms=1&group_children=0&req_children=0&hpos=13&hapos=13&sr_order=popularity&srpvid=ce6c58c9e31900e7&srepoch=1684759059&from=searchresults,7.7," Situé à côté de la gare de Lille Flandre et à 5 minutes du centre-ville, l'Hotel Du Moulin d'Or se trouve à 900 mètres du centre de conventions Nouveau Siècle.
  Situé à côté de la gare de Lille Flandre et à 5 minutes du centre-ville, l'Hotel Du Moulin d'Or se trouve à 900 mètres du centre de conventions Nouveau Siècle.
",50.63555103,3.07001285
CALM Appart' & Hostel,https://www.booking.com/hotel/fr/calm-apparthotel.fr.html?aid=304142&label=gen173nr-1FCAQoggJCDHNlYXJjaF9saWxsZUgNWARoTYgBAZgBDbgBCsgBBdgBAegBAfgBA4gCAagCA7gCksStowbAAgHSAiQ3M2QxYjVjYy1jZmU5LTQ1NjgtYTdmMS0wZWY1YWFlOTE1MDXYAgXgAgE&ucfs=1&arphpl=1&group_adults=2&req_adults=2&no_rooms=1&group_children=0&req_children=0&hpos=12&hapos=12&sr_order=popularity&srpvid=ce6c58c9e31900e7&srepoch=1684759059&from_sustainable_property_sr=1&from=searchresults,8.1," Le Calm Apparthotel vous accueille à Lille, à seulement 2 minutes à pied des stations de métro, de tramway et de train de la gare de Lille-Flandres, ainsi qu'à 10 minutes de marche du centre de conventions Nouveau Siècle. Il vous propose aussi une connexion Wi-Fi gratuite.
  Le Calm Apparthotel vous accueille à Lille, à seulement 2 minutes à pied des stations de métro, de tramway et de train de la gare de Lille-Flandres, ainsi qu'à 10 minutes de marche du centre de conventions Nouveau Siècle. Il vous propose aussi une connexion Wi-Fi gratuite.
",50.63734618,3.06945696
Lille City Hotel,https://www.booking.com/hotel/fr/misterbeddelille.fr.html?aid=304142&label=gen173nr-1FCAQoggJCDHNlYXJjaF9saWxsZUgNWARoTYgBAZgBDbgBCsgBBdgBAegBAfgBA4gCAagCA7gCksStowbAAgHSAiQ3M2QxYjVjYy1jZmU5LTQ1NjgtYTdmMS0wZWY1YWFlOTE1MDXYAgXgAgE&ucfs=1&arphpl=1&group_adults=2&req_adults=2&no_rooms=1&group_children=0&req_children=0&hpos=10&hapos=10&sr_order=popularity&srpvid=ce6c58c9e31900e7&srepoch=1684759059&from_sustainable_property_sr=1&from=searchresults,7.0," Le Lille City Hotel est un établissement abordable situé dans le centre-ville de Lille, dans une rue piétonne et commerçante, à 260 mètres du Palais des Beaux Arts, à 1,2 km de Lille Grand Palais et à 9 km du stade Pierre Mauroy. Les chambres sont équipées d’une télévision par satellite et d’une connexion Internet gratuite.
  Le Lille City Hotel est un établissement abordable situé dans le centre-ville de Lille, dans une rue piétonne et commerçante, à 260 mètres du Palais des Beaux Arts, à 1,2 km de Lille Grand Palais et à 9 km du stade Pierre Mauroy. Les chambres sont équipées d’une télévision par satellite et d’une connexion Internet gratuite.
",50.63359887,3.06328118
Grand Hotel Bellevue - Grand Place,https://www.booking.com/hotel/fr/grandhotelbellevue.fr.html?aid=304142&label=gen173nr-1FCAQoggJCDHNlYXJjaF9saWxsZUgNWARoTYgBAZgBDbgBCsgBBdgBAegBAfgBA4gCAagCA7gCksStowbAAgHSAiQ3M2QxYjVjYy1jZmU5LTQ1NjgtYTdmMS0wZWY1YWFlOTE1MDXYAgXgAgE&ucfs=1&arphpl=1&group_adults=2&req_adults=2&no_rooms=1&group_children=0&req_children=0&hpos=11&hapos=11&sr_order=popularity&srpvid=ce6c58c9e31900e7&srepoch=1684759059&from_sustainable_property_sr=1&from=searchresults,8.4," Situé sur la Grand-Place, dans le Vieux-Lille, le Grand Hotel Bellevue - Grand Place occupe un bâtiment à l'architecture flamande. Ses chambres disposent d'une salle de bains en marbre et de mobilier d'époque. La station de métro Rihour est accessible à 100 mètres. Vous pourrez rejoindre le centre de conventions Le Nouveau Siècle en 2 minutes à pied et le Lille Grand Palais se trouve à 1,4 km.
  Situé sur la Grand-Place, dans le Vieux-Lille, le Grand Hotel Bellevue - Grand Place occupe un bâtiment à l'architecture flamande. Ses chambres disposent d'une salle de bains en marbre et de mobilier d'époque. La station de métro Rihour est accessible à 100 mètres. Vous pourrez rejoindre le centre de conventions Le Nouveau Siècle en 2 minutes à pied et le Lille Grand Palais se trouve à 1,4 km.
",50.63654707,3.06234241
ibis Styles Lille Centre Gare Beffroi,https://www.booking.com/hotel/fr/ibis-styles-lille-centre-gare-beffroi.fr.html?aid=304142&label=gen173nr-1FCAQoggJCDHNlYXJjaF9saWxsZUgNWARoTYgBAZgBDbgBCsgBBdgBAegBAfgBA4gCAagCA7gCksStowbAAgHSAiQ3M2QxYjVjYy1jZmU5LTQ1NjgtYTdmMS0wZWY1YWFlOTE1MDXYAgXgAgE&ucfs=1&arphpl=1&group_adults=2&req_adults=2&no_rooms=1&group_children=0&req_children=0&hpos=9&hapos=9&sr_order=popularity&srpvid=ce6c58c9e31900e7&srepoch=1684759059&from=searchresults,7.8," L’ibis Styles Lille Centre Gare Beffroi vous accueille dans le centre-ville de Lille, à 600 mètres des gares de Lille-Europe et de Lille-Flandres. Le centre des congrès Lille Grand Palais et le complexe Nouveau Siècle se trouvent à 1 km.
  L’ibis Styles Lille Centre Gare Beffroi vous accueille dans le centre-ville de Lille, à 600 mètres des gares de Lille-Europe et de Lille-Flandres. Le centre des congrès Lille Grand Palais et le complexe Nouveau Siècle se trouvent à 1 km.
",50.63238245,3.06794286
"Holiday Inn Express Lille Centre, an IHG Hotel",https://www.booking.com/hotel/fr/expressbyholidayinnlille.fr.html?aid=304142&label=gen173nr-1FCAQoggJCDHNlYXJjaF9saWxsZUgNWARoTYgBAZgBDbgBCsgBBdgBAegBAfgBA4gCAagCA7gCksStowbAAgHSAiQ3M2QxYjVjYy1jZmU5LTQ1NjgtYTdmMS0wZWY1YWFlOTE1MDXYAgXgAgE&ucfs=1&arphpl=1&group_adults=2&req_adults=2&no_rooms=1&group_children=0&req_children=0&hpos=8&hapos=8&sr_order=popularity&srpvid=ce6c58c9e31900e7&srepoch=1684759059&from=searchresults,8.0," L'Holiday Inn Express Lille Centre est situé dans le centre de Lille, à 350 mètres du Palais des Beaux Arts et à 9 km du stade Pierre Mauroy. Vous séjournerez à 900 mètres du centre de conventions Le Nouveau Siècle et à 2 km de Lille Grand Palais.
  L'Holiday Inn Express Lille Centre est situé dans le centre de Lille, à 350 mètres du Palais des Beaux Arts et à 9 km du stade Pierre Mauroy. Vous séjournerez à 900 mètres du centre de conventions Le Nouveau Siècle et à 2 km de Lille Grand Palais.
",50.63075938,3.05808842
Brueghel,https://www.booking.com/hotel/fr/brueghel.fr.html?aid=304142&label=gen173nr-1FCAQoggJCDHNlYXJjaF9saWxsZUgNWARoTYgBAZgBDbgBCsgBBdgBAegBAfgBA4gCAagCA7gCksStowbAAgHSAiQ3M2QxYjVjYy1jZmU5LTQ1NjgtYTdmMS0wZWY1YWFlOTE1MDXYAgXgAgE&ucfs=1&arphpl=1&group_adults=2&req_adults=2&no_rooms=1&group_children=0&req_children=0&hpos=7&hapos=7&sr_order=popularity&srpvid=ce6c58c9e31900e7&srepoch=1684759059&from=searchresults,7.9," Le Brueghel vous accueille en plein cœur de Lille, à 300 mètres de la gare Lille Flandres, à 750 mètres de la gare Lille Europe et à 10 minutes à pied du centre de conventions Nouveau Siecle. Vous bénéficierez d'une vue sur l'église gothique St Maurice, située en face de l'hôtel.
  Le Brueghel vous accueille en plein cœur de Lille, à 300 mètres de la gare Lille Flandres, à 750 mètres de la gare Lille Europe et à 10 minutes à pied du centre de conventions Nouveau Siecle. Vous bénéficierez d'une vue sur l'église gothique St Maurice, située en face de l'hôtel.
",50.63603842,3.06693703
Kyriad Lille Gare - Grand Palais,https://www.booking.com/hotel/fr/kyriad-lille-gare-grand-palais.fr.html?aid=304142&label=gen173nr-1FCAQoggJCDHNlYXJjaF9saWxsZUgNWARoTYgBAZgBDbgBCsgBBdgBAegBAfgBA4gCAagCA7gCksStowbAAgHSAiQ3M2QxYjVjYy1jZmU5LTQ1NjgtYTdmMS0wZWY1YWFlOTE1MDXYAgXgAgE&ucfs=1&arphpl=1&group_adults=2&req_adults=2&no_rooms=1&group_children=0&req_children=0&hpos=6&hapos=6&sr_order=popularity&srpvid=ce6c58c9e31900e7&srepoch=1684759059&from_sustainable_property_sr=1&from=searchresults,7.5," Situé à 1 km du Grand Palais et du quartier des affaires d’Euralille, le Kyriad Lille Gare - Grand Palais propose des chambres insonorisées avec une connexion Wi-Fi gratuite. Un parking privé fermé est disponible gratuitement.
  Situé à 1 km du Grand Palais et du quartier des affaires d’Euralille, le Kyriad Lille Gare - Grand Palais propose des chambres insonorisées avec une connexion Wi-Fi gratuite. Un parking privé fermé est disponible gratuitement.
",50.63637015,3.0831188
Eklo Hotels Lille,https://www.booking.com/hotel/fr/eklo-hotels-lille.fr.html?aid=304142&label=gen173nr-1FCAQoggJCDHNlYXJjaF9saWxsZUgNWARoTYgBAZgBDbgBCsgBBdgBAegBAfgBA4gCAagCA7gCksStowbAAgHSAiQ3M2QxYjVjYy1jZmU5LTQ1NjgtYTdmMS0wZWY1YWFlOTE1MDXYAgXgAgE&ucfs=1&arphpl=1&group_adults=2&req_adults=2&no_rooms=1&group_children=0&req_children=0&hpos=5&hapos=5&sr_order=popularity&srpvid=ce6c58c9e31900e7&srepoch=1684759059&from_sustainable_property_sr=1&from=searchresults,7.5," Doté d'une terrasse, l'Eklo Hotels Lille est situé à Lille dans le Nord-Pas-de-Calais, à 2 km du Zénith. Vous séjournerez à 2,6 km de Lille Flandres et à 2,7 km de Lille Europe.
  Doté d'une terrasse, l'Eklo Hotels Lille est situé à Lille dans le Nord-Pas-de-Calais, à 2 km du Zénith. Vous séjournerez à 2,6 km de Lille Flandres et à 2,7 km de Lille Europe.
",50.62003296,3.08456697
Patio De Violette,https://www.booking.com/hotel/fr/patio-de-violette.fr.html?aid=304142&label=gen173nr-1FCAQoggJCC3NlYXJjaF91emVzSA1YBGhNiAEBmAENuAEKyAEF2AEB6AEB-AEDiAIBqAIDuAKSxK2jBsACAdICJDJhNDFjZTgwLTFhYzYtNDdiZC1iZmE2LWRjNTA0MzkyMTc2Y9gCBeACAQ&ucfs=1&arphpl=1&group_adults=2&req_adults=2&no_rooms=1&group_children=0&req_children=0&hpos=8&hapos=8&sr_order=popularity&srpvid=721958c9f4410209&srepoch=1684759059&from_sustainable_property_sr=1&from=searchresults,8.6, ,44.02843142,4.42002386
Hotel Lille Europe,https://www.booking.com/hotel/fr/lille-europe.fr.html?aid=304142&label=gen173nr-1FCAQoggJCDHNlYXJjaF9saWxsZUgNWARoTYgBAZgBDbgBCsgBBdgBAegBAfgBA4gCAagCA7gCksStowbAAgHSAiQ3M2QxYjVjYy1jZmU5LTQ1NjgtYTdmMS0wZWY1YWFlOTE1MDXYAgXgAgE&ucfs=1&arphpl=1&group_adults=2&req_adults=2&no_rooms=1&group_children=0&req_children=0&hpos=2&hapos=2&sr_order=popularity&srpvid=ce6c58c9e31900e7&srepoch=1684759059&from=searchresults,8.0," L'Hotel Lille Europe est un établissement 3 étoiles situé au cœur du quartier des affaires international, à seulement 250 mètres de la gare de Lille-Flandres et à 17 minutes de route du stade Pierre-Mauroy. Il propose une réception ouverte 24h/24 et une connexion Internet gratuite.
  L'Hotel Lille Europe est un établissement 3 étoiles situé au cœur du quartier des affaires international, à seulement 250 mètres de la gare de Lille-Flandres et à 17 minutes de route du stade Pierre-Mauroy. Il propose une réception ouverte 24h/24 et une connexion Internet gratuite.
",50.63788756,3.072685
Moulin du Pont d'Alzon,https://www.booking.com/hotel/fr/moulin-du-pont-d-39-alzon.fr.html?aid=304142&label=gen173nr-1FCAQoggJCC3NlYXJjaF91emVzSA1YBGhNiAEBmAENuAEKyAEF2AEB6AEB-AEDiAIBqAIDuAKSxK2jBsACAdICJDJhNDFjZTgwLTFhYzYtNDdiZC1iZmE2LWRjNTA0MzkyMTc2Y9gCBeACAQ&ucfs=1&arphpl=1&group_adults=2&req_adults=2&no_rooms=1&group_children=0&req_children=0&hpos=7&hapos=7&sr_order=popularity&srpvid=721958c9f4410209&srepoch=1684759059&from=searchresults,7.7," Situé à Uzès, en Occitanie, à moins de 33 km du parc des expositions de Nîmes, le Moulin du Pont d'Alzon propose des hébergements avec connexion Wi-Fi gratuite, barbecue, prêt de vélos et parking privé gratuit.
  Situé à Uzès, en Occitanie, à moins de 33 km du parc des expositions de Nîmes, le Moulin du Pont d'Alzon propose des hébergements avec connexion Wi-Fi gratuite, barbecue, prêt de vélos et parking privé gratuit.
",44.0201613,4.43052644
Moxy Lille City,https://www.booking.com/hotel/fr/moxy-lille-city-center-france.fr.html?aid=304142&label=gen173nr-1FCAQoggJCDHNlYXJjaF9saWxsZUgNWARoTYgBAZgBDbgBCsgBBdgBAegBAfgBA4gCAagCA7gCksStowbAAgHSAiQ3M2QxYjVjYy1jZmU5LTQ1NjgtYTdmMS0wZWY1YWFlOTE1MDXYAgXgAgE&ucfs=1&arphpl=1&group_adults=2&req_adults=2&no_rooms=1&group_children=0&req_children=0&hpos=3&hapos=3&sr_order=popularity&srpvid=ce6c58c9e31900e7&srepoch=1684759059&from_sustainable_property_sr=1&from=searchresults,8.5," Bénéficiant d’un emplacement idéal dans le centre de Lille, le Moxy Lille City propose des chambres climatisées, une salle de sport, une connexion Wi-Fi gratuite et une terrasse. Cet hôtel 3 étoiles possède une bagagerie et une réception ouverte 24h/24. Un parking privé est disponible sur place.
  Bénéficiant d’un emplacement idéal dans le centre de Lille, le Moxy Lille City propose des chambres climatisées, une salle de sport, une connexion Wi-Fi gratuite et une terrasse. Cet hôtel 3 étoiles possède une bagagerie et une réception ouverte 24h/24. Un parking privé est disponible sur place.
",50.627831,3.063592
La Taverne,https://www.booking.com/hotel/fr/la-taverne.fr.html?aid=304142&label=gen173nr-1FCAQoggJCC3NlYXJjaF91emVzSA1YBGhNiAEBmAENuAEKyAEF2AEB6AEB-AEDiAIBqAIDuAKSxK2jBsACAdICJDJhNDFjZTgwLTFhYzYtNDdiZC1iZmE2LWRjNTA0MzkyMTc2Y9gCBeACAQ&ucfs=1&arphpl=1&group_adults=2&req_adults=2&no_rooms=1&group_children=0&req_children=0&hpos=5&hapos=5&sr_order=popularity&srpvid=721958c9f4410209&srepoch=1684759059&from=searchresults,8.6," La Taverne est située à Uzès, dans une rue piétonne, à seulement 2 minutes à pied du château du Duché. L'office de tourisme se trouve à 100 mètres et le musée Haribo est à 3 km.
  La Taverne est située à Uzès, dans une rue piétonne, à seulement 2 minutes à pied du château du Duché. L'office de tourisme se trouve à 100 mètres et le musée Haribo est à 3 km.
",44.014659,4.4200515
Brit Hotel Lille Centre,https://www.booking.com/hotel/fr/besthotel_lille.fr.html?aid=304142&label=gen173nr-1FCAQoggJCDHNlYXJjaF9saWxsZUgNWARoTYgBAZgBDbgBCsgBBdgBAegBAfgBA4gCAagCA7gCksStowbAAgHSAiQ3M2QxYjVjYy1jZmU5LTQ1NjgtYTdmMS0wZWY1YWFlOTE1MDXYAgXgAgE&ucfs=1&arphpl=1&group_adults=2&req_adults=2&no_rooms=1&group_children=0&req_children=0&hpos=4&hapos=4&sr_order=popularity&srpvid=ce6c58c9e31900e7&srepoch=1684759059&from_sustainable_property_sr=1&from=searchresults,7.6, ,50.62603955,3.05190325
Location Saisonnière Villa,https://www.booking.com/hotel/fr/location-saisonniere-villa.fr.html?aid=304142&label=gen173nr-1FCAQoggJCC3NlYXJjaF91emVzSA1YBGhNiAEBmAENuAEKyAEF2AEB6AEB-AEDiAIBqAIDuAKSxK2jBsACAdICJDJhNDFjZTgwLTFhYzYtNDdiZC1iZmE2LWRjNTA0MzkyMTc2Y9gCBeACAQ&ucfs=1&arphpl=1&group_adults=2&req_adults=2&no_rooms=1&group_children=0&req_children=0&hpos=6&hapos=6&sr_order=popularity&srpvid=721958c9f4410209&srepoch=1684759059&from=searchresults,," Situé à 40 km du palais des Papes, à 40 km de la gare TGV d'Avignon et à 48 km du parc des expositions d'Avignon, le Location Saisonnière Villa propose un hébergement à Uzès. Doté d'un parking privé gratuit, il se trouve à 31 km du parc des expositions de Nîmes et à 38 km de la gare centrale d'Avignon.
  Situé à 40 km du palais des Papes, à 40 km de la gare TGV d'Avignon et à 48 km du parc des expositions d'Avignon, le Location Saisonnière Villa propose un hébergement à Uzès. Doté d'un parking privé gratuit, il se trouve à 31 km du parc des expositions de Nîmes et à 38 km de la gare centrale d'Avignon.
",44.0077179,4.4085783
Logis Hotel Restaurant Uzès Pont du Gard,https://www.booking.com/hotel/fr/uzes.fr.html?aid=304142&label=gen173nr-1FCAQoggJCC3NlYXJjaF91emVzSA1YBGhNiAEBmAENuAEKyAEF2AEB6AEB-AEDiAIBqAIDuAKSxK2jBsACAdICJDJhNDFjZTgwLTFhYzYtNDdiZC1iZmE2LWRjNTA0MzkyMTc2Y9gCBeACAQ&ucfs=1&arphpl=1&group_adults=2&req_adults=2&no_rooms=1&group_children=0&req_children=0&hpos=4&hapos=4&sr_order=popularity&srpvid=721958c9f4410209&srepoch=1684759059&from_sustainable_property_sr=1&from=searchresults,7.7," Le Logis Hotel Restaurant Uzès Pont du Gard propose des chambres confortables et bien équipées à seulement 10 minutes de marche du centre. Vous trouverez sur place une piscine extérieure, 2 courts de tennis et un excellent restaurant.
  Le Logis Hotel Restaurant Uzès Pont du Gard propose des chambres confortables et bien équipées à seulement 10 minutes de marche du centre. Vous trouverez sur place une piscine extérieure, 2 courts de tennis et un excellent restaurant.
",44.00284485,4.41645205
Uzès centre la TERRASSE des CAPUCINES avec Garage privée,https://www.booking.com/hotel/fr/uzes-centre-la-terrasse-des-capucines-avec-garage-privee.fr.html?aid=304142&label=gen173nr-1FCAQoggJCC3NlYXJjaF91emVzSA1YBGhNiAEBmAENuAEKyAEF2AEB6AEB-AEDiAIBqAIDuAKSxK2jBsACAdICJDJhNDFjZTgwLTFhYzYtNDdiZC1iZmE2LWRjNTA0MzkyMTc2Y9gCBeACAQ&ucfs=1&arphpl=1&group_adults=2&req_adults=2&no_rooms=1&group_children=0&req_children=0&hpos=3&hapos=3&sr_order=popularity&srpvid=721958c9f4410209&srepoch=1684759059&from=searchresults,," Situé à Uzès, à 38 km de la gare centrale d'Avignon, à 40 km du palais des Papes et de la gare TGV d'Avignon, l'Uzès centre la TERRASSE des CAPUCINES avec Garage privée propose un hébergement avec un balcon et une connexion Wi-Fi gratuite. Situé à 31 km du parc des expositions de Nîmes, il dispose d'une terrasse et d'un parking privé gratuit.
  Situé à Uzès, à 38 km de la gare centrale d'Avignon, à 40 km du palais des Papes et de la gare TGV d'Avignon, l'Uzès centre la TERRASSE des CAPUCINES avec Garage privée propose un hébergement avec un balcon et une connexion Wi-Fi gratuite. Situé à 31 km du parc des expositions de Nîmes, il dispose d'une terrasse et d'un parking privé gratuit.
",44.0130898,4.4134954
Le petit Cocoon d'Uzès.,https://www.booking.com/hotel/fr/le-petit-cocoon-d-uzes.fr.html?aid=304142&label=gen173nr-1FCAQoggJCC3NlYXJjaF91emVzSA1YBGhNiAEBmAENuAEKyAEF2AEB6AEB-AEDiAIBqAIDuAKSxK2jBsACAdICJDJhNDFjZTgwLTFhYzYtNDdiZC1iZmE2LWRjNTA0MzkyMTc2Y9gCBeACAQ&ucfs=1&arphpl=1&group_adults=2&req_adults=2&no_rooms=1&group_children=0&req_children=0&hpos=2&hapos=2&sr_order=popularity&srpvid=721958c9f4410209&srepoch=1684759059&from=searchresults,10.0," Le petit Cocoon d'Uzès. Il est situé à Uzès, à 38 km de la gare centrale d'Avignon, à 40 km du palais des Papes et à 41 km de la gare TGV d'Avignon. Situé à 32 km du parc des expositions de Nîmes, il propose une connexion Wi-Fi gratuite et un service de concierge.
  Le petit Cocoon d'Uzès. Il est situé à Uzès, à 38 km de la gare centrale d'Avignon, à 40 km du palais des Papes et à 41 km de la gare TGV d'Avignon. Situé à 32 km du parc des expositions de Nîmes, il propose une connexion Wi-Fi gratuite et un service de concierge.
",44.0126987,4.4219266
